Workbook

Sheet 2021
A1: 2021. év
A3: JANUÁR | B3: 1 | C3: 2 | D3: 3 | E3: 4 | F3: 5 | G3: 6 | H3: 7 | I3: 8 | J3: 9 | K3: 10 | L3: 11 | M3: 12 | N3: 13 | O3: 14 | P3: 15 | Q3: 16 | R3: 17 | S3: 18 | T3: 19 | U3: 20 | V3: 21 | W3: 22 | X3: 23 | Y3: 24 | Z3: 25 | AA3: 26 | AB3: 27 | AC3: 28 | AD3: 29 | AE3: 30 | AF3: 31
B4: P | C4: Szo | D4: V | E4: H | F4: K | G4: Sze | H4: Cs | I4: P | J4: Szo | K4: V | L4: H | M4: K | N4: Sze | O4: Cs | P4: P | Q4: Szo | R4: V | S4: H | T4: K | U4: Sze | V4: Cs | W4: P | X4: Szo | Y4: V | Z4: H | AA4: K | AB4: Sze | AC4: Cs | AD4: P | AE4: Szo | AF4: V
A5: "A" műszak | B5: 2 | C5: 2 | D5: 2 | E5: 2 | F5: X | G5: X | H5: 1 | I5: 1 | J5: 1 | K5: 1 | L5: 1 | M5: 1 | N5: X | O5: X | P5: 3 | Q5: 3 | R5: 3 | S5: 3 | T5: 3 | U5: 3 | V5: X | W5: X | X5: 2 | Y5: 2 | Z5: 2 | AA5: 2 | AB5: 2 | AC5: 2 | AD5: X | AE5: X | AF5: 1
A6: "B" műszak | B6: 3 | C6: 3 | D6: X | E6: X | F6: 2 | G6: 2 | H6: 2 | I6: 2 | J6: 2 | K6: 2 | L6: X | M6: X | N6: 1 | O6: 1 | P6: 1 | Q6: 1 | R6: 1 | S6: 1 | T6: X | U6: X | V6: 3 | W6: 3 | X6: 3 | Y6: 3 | Z6: 3 | AA6: 3 | AB6: X | AC6: X | AD6: 2 | AE6: 2 | AF6: 2
A7: "C" műszak | B7: X | C7: X | D7: 3 | E7: 3 | F7: 3 | G7: 3 | H7: 3 | I7: 3 | J7: X | K7: X | L7: 2 | M7: 2 | N7: 2 | O7: 2 | P7: 2 | Q7: 2 | R7: X | S7: X | T7: 1 | U7: 1 | V7: 1 | W7: 1 | X7: 1 | Y7: 1 | Z7: X | AA7: X | AB7: 3 | AC7: 3 | AD7: 3 | AE7: 3 | AF7: 3
A8: "D" műszak | B8: 1 | C8: 1 | D8: 1 | E8: 1 | F8: 1 | G8: 1 | H8: X | I8: X | J8: 3 | K8: 3 | L8: 3 | M8: 3 | N8: 3 | O8: 3 | P8: X | Q8: X | R8: 2 | S8: 2 | T8: 2 | U8: 2 | V8: 2 | W8: 2 | X8: X | Y8: X | Z8: 1 | AA8: 1 | AB8: 1 | AC8: 1 | AD8: 1 | AE8: 1 | AF8: X
A11: FEBRUÁR | B11: 1 | C11: 2 | D11: 3 | E11: 4 | F11: 5 | G11: 6 | H11: 7 | I11: 8 | J11: 9 | K11: 10 | L11: 11 | M11: 12 | N11: 13 | O11: 14 | P11: 15 | Q11: 16 | R11: 17 | S11: 18 | T11: 19 | U11: 20 | V11: 21 | W11: 22 | X11: 23 | Y11: 24 | Z11: 25 | AA11: 26 | AB11: 27 | AC11: 28
B12: H | C12: K | D12: Sze | E12: Cs | F12: P | G12: Szo | H12: V | I12: H | J12: K | K12: Sze | L12: Cs | M12: P | N12: Szo | O12: V | P12: H | Q12: K | R12: Sze | S12: Cs | T12: P | U12: Szo | V12: V | W12: H | X12: K | Y12: Sze | Z12: Cs | AA12: P | AB12: Szo | AC12: V
A13: "A" műszak | B13: 1 | C13: 1 | D13: 1 | E13: 1 | F13: 1 | G13: X | H13: X | I13: 3 | J13: 3 | K13: 3 | L13: 3 | M13: 3 | N13: 3 | O13: X | P13: X | Q13: 2 | R13: 2 | S13: 2 | T13: 2 | U13: 2 | V13: 2 | W13: X | X13: X | Y13: 1 | Z13: 1 | AA13: 1 | AB13: 1 | AC13: 1
A14: "B" műszak | B14: 2 | C14: 2 | D14: 2 | E14: X | F14: X | G14: 1 | H14: 1 | I14: 1 | J14: 1 | K14: 1 | L14: 1 | M14: X | N14: X | O14: 3 | P14: 3 | Q14: 3 | R14: 3 | S14: 3 | T14: 3 | U14: X | V14: X | W14: 2 | X14: 2 | Y14: 2 | Z14: 2 | AA14: 2 | AB14: 2 | AC14: X
A15: "C" műszak | B15: 3 | C15: X | D15: X | E15: 2 | F15: 2 | G15: 2 | H15: 2 | I15: 2 | J15: 2 | K15: X | L15: X | M15: 1 | N15: 1 | O15: 1 | P15: 1 | Q15: 1 | R15: 1 | S15: X | T15: X | U15: 3 | V15: 3 | W15: 3 | X15: 3 | Y15: 3 | Z15: 3 | AA15: X | AB15: X | AC15: 2
A16: "D" műszak | B16: X | C16: 3 | D16: 3 | E16: 3 | F16: 3 | G16: 3 | H16: 3 | I16: X | J16: X | K16: 2 | L16: 2 | M16: 2 | N16: 2 | O16: 2 | P16: 2 | Q16: X | R16: X | S16: 1 | T16: 1 | U16: 1 | V16: 1 | W16: 1 | X16: 1 | Y16: X | Z16: X | AA16: 3 | AB16: 3 | AC16: 3
A19: MÁRCIUS | B19: 1 | C19: 2 | D19: 3 | E19: 4 | F19: 5 | G19: 6 | H19: 7 | I19: 8 | J19: 9 | K19: 10 | L19: 11 | M19: 12 | N19: 13 | O19: 14 | P19: 15 | Q19: 16 | R19: 17 | S19: 18 | T19: 19 | U19: 20 | V19: 21 | W19: 22 | X19: 23 | Y19: 24 | Z19: 25 | AA19: 26 | AB19: 27 | AC19: 28 | AD19: 29 | AE19: 30 | AF19: 31
B20: H | C20: K | D20: Sze | E20: Cs | F20: P | G20: Szo | H20: V | I20: H | J20: K | K20: Sze | L20: Cs | M20: P | N20: Szo | O20: V | P20: H | Q20: K | R20: Sze | S20: Cs | T20: P | U20: Szo | V20: V | W20: H | X20: K | Y20: Sze | Z20: Cs | AA20: P | AB20: Szo | AC20: V | AD20: H | AE20: K | AF20: Sze
A21: "A" műszak | B21: 1 | C21: X | D21: X | E21: 3 | F21: 3 | G21: 3 | H21: 3 | I21: 3 | J21: 3 | K21: X | L21: X | M21: 2 | N21: 2 | O21: 2 | P21: 2 | Q21: 2 | R21: 2 | S21: X | T21: X | U21: 1 | V21: 1 | W21: 1 | X21: 1 | Y21: 1 | Z21: 1 | AA21: X | AB21: X | AC21: 3 | AD21: 3 | AE21: 3 | AF21: 3
A22: "B" műszak | B22: X | C22: 1 | D22: 1 | E22: 1 | F22: 1 | G22: 1 | H22: 1 | I22: X | J22: X | K22: 3 | L22: 3 | M22: 3 | N22: 3 | O22: 3 | P22: 3 | Q22: X | R22: X | S22: 2 | T22: 2 | U22: 2 | V22: 2 | W22: 2 | X22: 2 | Y22: X | Z22: X | AA22: 1 | AB22: 1 | AC22: 1 | AD22: 1 | AE22: 1 | AF22: 1
A23: "C" műszak | B23: 2 | C23: 2 | D23: 2 | E23: 2 | F23: 2 | G23: X | H23: X | I23: 1 | J23: 1 | K23: 1 | L23: 1 | M23: 1 | N23: 1 | O23: X | P23: X | Q23: 3 | R23: 3 | S23: 3 | T23: 3 | U23: 3 | V23: 3 | W23: X | X23: X | Y23: 2 | Z23: 2 | AA23: 2 | AB23: 2 | AC23: 2 | AD23: 2 | AE23: X | AF23: X
A24: "D" műszak | B24: 3 | C24: 3 | D24: 3 | E24: X | F24: X | G24: 2 | H24: 2 | I24: 2 | J24: 2 | K24: 2 | L24: 2 | M24: X | N24: X | O24: 1 | P24: 1 | Q24: 1 | R24: 1 | S24: 1 | T24: 1 | U24: X | V24: X | W24: 3 | X24: 3 | Y24: 3 | Z24: 3 | AA24: 3 | AB24: 3 | AC24: X | AD24: X | AE24: 2 | AF24: 2
A27: ÁPRILIS | B27: 1 | C27: 2 | D27: 3 | E27: 4 | F27: 5 | G27: 6 | H27: 7 | I27: 8 | J27: 9 | K27: 10 | L27: 11 | M27: 12 | N27: 13 | O27: 14 | P27: 15 | Q27: 16 | R27: 17 | S27: 18 | T27: 19 | U27: 20 | V27: 21 | W27: 22 | X27: 23 | Y27: 24 | Z27: 25 | AA27: 26 | AB27: 27 | AC27: 28 | AD27: 29 | AE27: 30
B28: Cs | C28: P | D28: Szo | E28: V | F28: H | G28: K | H28: Sze | I28: Cs | J28: P | K28: Szo | L28: V | M28: H | N28: K | O28: Sze | P28: Cs | Q28: P | R28: Szo | S28: V | T28: H | U28: K | V28: Sze | W28: Cs | X28: P | Y28: Szo | Z28: V | AA28: H | AB28: K | AC28: Sze | AD28: Cs | AE28: P
A29: "A" műszak | B29: 3 | C29: 3 | D29: X | E29: X | F29: 2 | G29: 2 | H29: 2 | I29: 2 | J29: 2 | K29: 2 | L29: X | M29: X | N29: 1 | O29: 1 | P29: 1 | Q29: 1 | R29: 1 | S29: 1 | T29: X | U29: X | V29: 3 | W29: 3 | X29: 3 | Y29: 3 | Z29: 3 | AA29: 3 | AB29: X | AC29: X | AD29: 2 | AE29: 2
A30: "B" műszak | B30: X | C30: X | D30: 3 | E30: 3 | F30: 3 | G30: 3 | H30: 3 | I30: 3 | J30: X | K30: X | L30: 2 | M30: 2 | N30: 2 | O30: 2 | P30: 2 | Q30: 2 | R30: X | S30: X | T30: 1 | U30: 1 | V30: 1 | W30: 1 | X30: 1 | Y30: 1 | Z30: X | AA30: X | AB30: 3 | AC30: 3 | AD30: 3 | AE30: 3
A31: "C" műszak | B31: 1 | C31: 1 | D31: 1 | E31: 1 | F31: 1 | G31: 1 | H31: X | I31: X | J31: 3 | K31: 3 | L31: 3 | M31: 3 | N31: 3 | O31: 3 | P31: X | Q31: X | R31: 2 | S31: 2 | T31: 2 | U31: 2 | V31: 2 | W31: 2 | X31: X | Y31: X | Z31: 1 | AA31: 1 | AB31: 1 | AC31: 1 | AD31: 1 | AE31: 1
A32: "D" műszak | B32: 2 | C32: 2 | D32: 2 | E32: 2 | F32: X | G32: X | H32: 1 | I32: 1 | J32: 1 | K32: 1 | L32: 1 | M32: 1 | N32: X | O32: X | P32: 3 | Q32: 3 | R32: 3 | S32: 3 | T32: 3 | U32: 3 | V32: X | W32: X | X32: 2 | Y32: 2 | Z32: 2 | AA32: 2 | AB32: 2 | AC32: 2 | AD32: X | AE32: X
A35: MÁJUS | B35: 1 | C35: 2 | D35: 3 | E35: 4 | F35: 5 | G35: 6 | H35: 7 | I35: 8 | J35: 9 | K35: 10 | L35: 11 | M35: 12 | N35: 13 | O35: 14 | P35: 15 | Q35: 16 | R35: 17 | S35: 18 | T35: 19 | U35: 20 | V35: 21 | W35: 22 | X35: 23 | Y35: 24 | Z35: 25 | AA35: 26 | AB35: 27 | AC35: 28 | AD35: 29 | AE35: 30 | AF35: 31
B36: Szo | C36: V | D36: H | E36: K | F36: Sze | G36: Cs | H36: P | I36: Szo | J36: V | K36: H | L36: K | M36: Sze | N36: Cs | O36: P | P36: Szo | Q36: V | R36: H | S36: K | T36: Sze | U36: Cs | V36: P | W36: Szo | X36: V | Y36: H | Z36: K | AA36: Sze | AB36: Cs | AC36: P | AD36: Szo | AE36: V | AF36: H
A37: "A" műszak | B37: 2 | C37: 2 | D37: 2 | E37: 2 | F37: X | G37: X | H37: 1 | I37: 1 | J37: 1 | K37: 1 | L37: 1 | M37: 1 | N37: X | O37: X | P37: 3 | Q37: 3 | R37: 3 | S37: 3 | T37: 3 | U37: 3 | V37: X | W37: X | X37: 2 | Y37: 2 | Z37: 2 | AA37: 2 | AB37: 2 | AC37: 2 | AD37: X | AE37: X | AF37: 1
A38: "B" műszak | B38: 3 | C38: 3 | D38: X | E38: X | F38: 2 | G38: 2 | H38: 2 | I38: 2 | J38: 2 | K38: 2 | L38: X | M38: X | N38: 1 | O38: 1 | P38: 1 | Q38: 1 | R38: 1 | S38: 1 | T38: X | U38: X | V38: 3 | W38: 3 | X38: 3 | Y38: 3 | Z38: 3 | AA38: 3 | AB38: X | AC38: X | AD38: 2 | AE38: 2 | AF38: 2
A39: "C" műszak | B39: X | C39: X | D39: 3 | E39: 3 | F39: 3 | G39: 3 | H39: 3 | I39: 3 | J39: X | K39: X | L39: 2 | M39: 2 | N39: 2 | O39: 2 | P39: 2 | Q39: 2 | R39: X | S39: X | T39: 1 | U39: 1 | V39: 1 | W39: 1 | X39: 1 | Y39: 1 | Z39: X | AA39: X | AB39: 3 | AC39: 3 | AD39: 3 | AE39: 3 | AF39: 3
A40: "D" műszak | B40: 1 | C40: 1 | D40: 1 | E40: 1 | F40: 1 | G40: 1 | H40: X | I40: X | J40: 3 | K40: 3 | L40: 3 | M40: 3 | N40: 3 | O40: 3 | P40: X | Q40: X | R40: 2 | S40: 2 | T40: 2 | U40: 2 | V40: 2 | W40: 2 | X40: X | Y40: X | Z40: 1 | AA40: 1 | AB40: 1 | AC40: 1 | AD40: 1 | AE40: 1 | AF40: X
A43: JÚNIUS | B43: 1 | C43: 2 | D43: 3 | E43: 4 | F43: 5 | G43: 6 | H43: 7 | I43: 8 | J43: 9 | K43: 10 | L43: 11 | M43: 12 | N43: 13 | O43: 14 | P43: 15 | Q43: 16 | R43: 17 | S43: 18 | T43: 19 | U43: 20 | V43: 21 | W43: 22 | X43: 23 | Y43: 24 | Z43: 25 | AA43: 26 | AB43: 27 | AC43: 28 | AD43: 29 | AE43: 30
B44: K | C44: Sze | D44: Cs | E44: P | F44: Szo | G44: V | H44: H | I44: K | J44: Sze | K44: Cs | L44: P | M44: Szo | N44: V | O44: H | P44: K | Q44: Sze | R44: Cs | S44: P | T44: Szo | U44: V | V44: H | W44: K | X44: Sze | Y44: Cs | Z44: P | AA44: Szo | AB44: V | AC44: H | AD44: K | AE44: Sze
A45: "A" műszak | B45: 1 | C45: 1 | D45: 1 | E45: 1 | F45: 1 | G45: X | H45: X | I45: 3 | J45: 3 | K45: 3 | L45: 3 | M45: 3 | N45: 3 | O45: X | P45: X | Q45: 2 | R45: 2 | S45: 2 | T45: 2 | U45: 2 | V45: 2 | W45: X | X45: X | Y45: 1 | Z45: 1 | AA45: 1 | AB45: 1 | AC45: 1 | AD45: 1 | AE45: X
A46: "B" műszak | B46: 2 | C46: 2 | D46: 2 | E46: X | F46: X | G46: 1 | H46: 1 | I46: 1 | J46: 1 | K46: 1 | L46: 1 | M46: X | N46: X | O46: 3 | P46: 3 | Q46: 3 | R46: 3 | S46: 3 | T46: 3 | U46: X | V46: X | W46: 2 | X46: 2 | Y46: 2 | Z46: 2 | AA46: 2 | AB46: 2 | AC46: X | AD46: X | AE46: 1
A47: "C" műszak | B47: 3 | C47: X | D47: X | E47: 2 | F47: 2 | G47: 2 | H47: 2 | I47: 2 | J47: 2 | K47: X | L47: X | M47: 1 | N47: 1 | O47: 1 | P47: 1 | Q47: 1 | R47: 1 | S47: X | T47: X | U47: 3 | V47: 3 | W47: 3 | X47: 3 | Y47: 3 | Z47: 3 | AA47: X | AB47: X | AC47: 2 | AD47: 2 | AE47: 2
A48: "D" műszak | B48: X | C48: 3 | D48: 3 | E48: 3 | F48: 3 | G48: 3 | H48: 3 | I48: X | J48: X | K48: 2 | L48: 2 | M48: 2 | N48: 2 | O48: 2 | P48: 2 | Q48: X | R48: X | S48: 1 | T48: 1 | U48: 1 | V48: 1 | W48: 1 | X48: 1 | Y48: X | Z48: X | AA48: 3 | AB48: 3 | AC48: 3 | AD48: 3 | AE48: 3
A51: JÚLIUS | B51: 1 | C51: 2 | D51: 3 | E51: 4 | F51: 5 | G51: 6 | H51: 7 | I51: 8 | J51: 9 | K51: 10 | L51: 11 | M51: 12 | N51: 13 | O51: 14 | P51: 15 | Q51: 16 | R51: 17 | S51: 18 | T51: 19 | U51: 20 | V51: 21 | W51: 22 | X51: 23 | Y51: 24 | Z51: 25 | AA51: 26 | AB51: 27 | AC51: 28 | AD51: 29 | AE51: 30 | AF51: 31
B52: Cs | C52: P | D52: Szo | E52: V | F52: H | G52: K | H52: Sze | I52: Cs | J52: P | K52: Szo | L52: V | M52: H | N52: K | O52: Sze | P52: Cs | Q52: P | R52: Szo | S52: V | T52: H | U52: K | V52: Sze | W52: Cs | X52: P | Y52: Szo | Z52: V | AA52: H | AB52: K | AC52: Sze | AD52: Cs | AE52: P | AF52: Szo
A53: "A" műszak | B53: X | C53: 3 | D53: 3 | E53: 3 | F53: 3 | G53: 3 | H53: 3 | I53: X | J53: X | K53: 2 | L53: 2 | M53: 2 | N53: 2 | O53: 2 | P53: 2 | Q53: X | R53: X | S53: 1 | T53: 1 | U53: 1 | V53: 1 | W53: 1 | X53: 1 | Y53: X | Z53: X | AA53: 3 | AB53: 3 | AC53: 3 | AD53: 3 | AE53: 3 | AF53: 3
A54: "B" műszak | B54: 1 | C54: 1 | D54: 1 | E54: 1 | F54: 1 | G54: X | H54: X | I54: 3 | J54: 3 | K54: 3 | L54: 3 | M54: 3 | N54: 3 | O54: X | P54: X | Q54: 2 | R54: 2 | S54: 2 | T54: 2 | U54: 2 | V54: 2 | W54: X | X54: X | Y54: 1 | Z54: 1 | AA54: 1 | AB54: 1 | AC54: 1 | AD54: 1 | AE54: X | AF54: X
A55: "C" műszak | B55: 2 | C55: 2 | D55: 2 | E55: X | F55: X | G55: 1 | H55: 1 | I55: 1 | J55: 1 | K55: 1 | L55: 1 | M55: X | N55: X | O55: 3 | P55: 3 | Q55: 3 | R55: 3 | S55: 3 | T55: 3 | U55: X | V55: X | W55: 2 | X55: 2 | Y55: 2 | Z55: 2 | AA55: 2 | AB55: 2 | AC55: X | AD55: X | AE55: 1 | AF55: 1
A56: "D" műszak | B56: 3 | C56: X | D56: X | E56: 2 | F56: 2 | G56: 2 | H56: 2 | I56: 2 | J56: 2 | K56: X | L56: X | M56: 1 | N56: 1 | O56: 1 | P56: 1 | Q56: 1 | R56: 1 | S56: X | T56: X | U56: 3 | V56: 3 | W56: 3 | X56: 3 | Y56: 3 | Z56: 3 | AA56: X | AB56: X | AC56: 2 | AD56: 2 | AE56: 2 | AF56: 2
A59: AUGUSZTUS | B59: 1 | C59: 2 | D59: 3 | E59: 4 | F59: 5 | G59: 6 | H59: 7 | I59: 8 | J59: 9 | K59: 10 | L59: 11 | M59: 12 | N59: 13 | O59: 14 | P59: 15 | Q59: 16 | R59: 17 | S59: 18 | T59: 19 | U59: 20 | V59: 21 | W59: 22 | X59: 23 | Y59: 24 | Z59: 25 | AA59: 26 | AB59: 27 | AC59: 28 | AD59: 29 | AE59: 30 | AF59: 31
B60: V | C60: H | D60: K | E60: Sze | F60: Cs | G60: P | H60: Szo | I60: V | J60: H | K60: K | L60: Sze | M60: Cs | N60: P | O60: Szo | P60: V | Q60: H | R60: K | S60: Sze | T60: Cs | U60: P | V60: Szo | W60: V | X60: H | Y60: K | Z60: Sze | AA60: Cs | AB60: P | AC60: Szo | AD60: V | AE60: H | AF60: K
A61: "A" műszak | B61: X | C61: X | D61: 2 | E61: 2 | F61: 2 | G61: 2 | H61: 2 | I61: 2 | J61: X | K61: X | L61: 1 | M61: 1 | N61: 1 | O61: 1 | P61: 1 | Q61: 1 | R61: X | S61: X | T61: 3 | U61: 3 | V61: 3 | W61: 3 | X61: 3 | Y61: 3 | Z61: X | AA61: X | AB61: 2 | AC61: 2 | AD61: 2 | AE61: 2 | AF61: 2
A62: "B" műszak | B62: 3 | C62: 3 | D62: 3 | E62: 3 | F62: 3 | G62: 3 | H62: X | I62: X | J62: 2 | K62: 2 | L62: 2 | M62: 2 | N62: 2 | O62: 2 | P62: X | Q62: X | R62: 1 | S62: 1 | T62: 1 | U62: 1 | V62: 1 | W62: 1 | X62: X | Y62: X | Z62: 3 | AA62: 3 | AB62: 3 | AC62: 3 | AD62: 3 | AE62: 3 | AF62: X
A63: "C" műszak | B63: 1 | C63: 1 | D63: 1 | E63: 1 | F63: X | G63: X | H63: 3 | I63: 3 | J63: 3 | K63: 3 | L63: 3 | M63: 3 | N63: X | O63: X | P63: 2 | Q63: 2 | R63: 2 | S63: 2 | T63: 2 | U63: 2 | V63: X | W63: X | X63: 1 | Y63: 1 | Z63: 1 | AA63: 1 | AB63: 1 | AC63: 1 | AD63: X | AE63: X | AF63: 3
A64: "D" műszak | B64: 2 | C64: 2 | D64: X | E64: X | F64: 1 | G64: 1 | H64: 1 | I64: 1 | J64: 1 | K64: 1 | L64: X | M64: X | N64: 3 | O64: 3 | P64: 3 | Q64: 3 | R64: 3 | S64: 3 | T64: X | U64: X | V64: 2 | W64: 2 | X64: 2 | Y64: 2 | Z64: 2 | AA64: 2 | AB64: X | AC64: X | AD64: 1 | AE64: 1 | AF64: 1
A67: SZEPTEMBER | B67: 1 | C67: 2 | D67: 3 | E67: 4 | F67: 5 | G67: 6 | H67: 7 | I67: 8 | J67: 9 | K67: 10 | L67: 11 | M67: 12 | N67: 13 | O67: 14 | P67: 15 | Q67: 16 | R67: 17 | S67: 18 | T67: 19 | U67: 20 | V67: 21 | W67: 22 | X67: 23 | Y67: 24 | Z67: 25 | AA67: 26 | AB67: 27 | AC67: 28 | AD67: 29 | AE67: 30
B68: Sze | C68: Cs | D68: P | E68: Szo | F68: V | G68: H | H68: K | I68: Sze | J68: Cs | K68: P | L68: Szo | M68: V | N68: H | O68: K | P68: Sze | Q68: Cs | R68: P | S68: Szo | T68: V | U68: H | V68: K | W68: Sze | X68: Cs | Y68: P | Z68: Szo | AA68: V | AB68: H | AC68: K | AD68: Sze | AE68: Cs
A69: "A" műszak | B69: 2 | C69: X | D69: X | E69: 1 | F69: 1 | G69: 1 | H69: 1 | I69: 1 | J69: 1 | K69: X | L69: X | M69: 3 | N69: 3 | O69: 3 | P69: 3 | Q69: 3 | R69: 3 | S69: X | T69: X | U69: 2 | V69: 2 | W69: 2 | X69: 2 | Y69: 2 | Z69: 2 | AA69: X | AB69: X | AC69: 1 | AD69: 1 | AE69: 1
A70: "B" műszak | B70: X | C70: 2 | D70: 2 | E70: 2 | F70: 2 | G70: 2 | H70: 2 | I70: X | J70: X | K70: 1 | L70: 1 | M70: 1 | N70: 1 | O70: 1 | P70: 1 | Q70: X | R70: X | S70: 3 | T70: 3 | U70: 3 | V70: 3 | W70: 3 | X70: 3 | Y70: X | Z70: X | AA70: 2 | AB70: 2 | AC70: 2 | AD70: 2 | AE70: 2
A71: "C" műszak | B71: 3 | C71: 3 | D71: 3 | E71: 3 | F71: 3 | G71: X | H71: X | I71: 2 | J71: 2 | K71: 2 | L71: 2 | M71: 2 | N71: 2 | O71: X | P71: X | Q71: 1 | R71: 1 | S71: 1 | T71: 1 | U71: 1 | V71: 1 | W71: X | X71: X | Y71: 3 | Z71: 3 | AA71: 3 | AB71: 3 | AC71: 3 | AD71: 3 | AE71: X
A72: "D" műszak | B72: 1 | C72: 1 | D72: 1 | E72: X | F72: X | G72: 3 | H72: 3 | I72: 3 | J72: 3 | K72: 3 | L72: 3 | M72: X | N72: X | O72: 2 | P72: 2 | Q72: 2 | R72: 2 | S72: 2 | T72: 2 | U72: X | V72: X | W72: 1 | X72: 1 | Y72: 1 | Z72: 1 | AA72: 1 | AB72: 1 | AC72: X | AD72: X | AE72: 3
A75: OKTÓBER | B75: 1 | C75: 2 | D75: 3 | E75: 4 | F75: 5 | G75: 6 | H75: 7 | I75: 8 | J75: 9 | K75: 10 | L75: 11 | M75: 12 | N75: 13 | O75: 14 | P75: 15 | Q75: 16 | R75: 17 | S75: 18 | T75: 19 | U75: 20 | V75: 21 | W75: 22 | X75: 23 | Y75: 24 | Z75: 25 | AA75: 26 | AB75: 27 | AC75: 28 | AD75: 29 | AE75: 30 | AF75: 31
B76: P | C76: Szo | D76: V | E76: H | F76: K | G76: Sze | H76: Cs | I76: P | J76: Szo | K76: V | L76: H | M76: K | N76: Sze | O76: Cs | P76: P | Q76: Szo | R76: V | S76: H | T76: K | U76: Sze | V76: Cs | W76: P | X76: Szo | Y76: V | Z76: H | AA76: K | AB76: Sze | AC76: Cs | AD76: P | AE76: Szo | AF76: V
A77: "A" műszak | B77: 1 | C77: 1 | D77: 1 | E77: X | F77: X | G77: 3 | H77: 3 | I77: 3 | J77: 3 | K77: 3 | L77: 3 | M77: X | N77: X | O77: 2 | P77: 2 | Q77: 2 | R77: 2 | S77: 2 | T77: 2 | U77: X | V77: X | W77: 1 | X77: 1 | Y77: 1 | Z77: 1 | AA77: 1 | AB77: 1 | AC77: X | AD77: X | AE77: 3 | AF77: 3
A78: "B" műszak | B78: 2 | C78: X | D78: X | E78: 1 | F78: 1 | G78: 1 | H78: 1 | I78: 1 | J78: 1 | K78: X | L78: X | M78: 3 | N78: 3 | O78: 3 | P78: 3 | Q78: 3 | R78: 3 | S78: X | T78: X | U78: 2 | V78: 2 | W78: 2 | X78: 2 | Y78: 2 | Z78: 2 | AA78: X | AB78: X | AC78: 1 | AD78: 1 | AE78: 1 | AF78: 1
A79: "C" műszak | B79: X | C79: 2 | D79: 2 | E79: 2 | F79: 2 | G79: 2 | H79: 2 | I79: X | J79: X | K79: 1 | L79: 1 | M79: 1 | N79: 1 | O79: 1 | P79: 1 | Q79: X | R79: X | S79: 3 | T79: 3 | U79: 3 | V79: 3 | W79: 3 | X79: 3 | Y79: X | Z79: X | AA79: 2 | AB79: 2 | AC79: 2 | AD79: 2 | AE79: 2 | AF79: 2
A80: "D" műszak | B80: 3 | C80: 3 | D80: 3 | E80: 3 | F80: 3 | G80: X | H80: X | I80: 2 | J80: 2 | K80: 2 | L80: 2 | M80: 2 | N80: 2 | O80: X | P80: X | Q80: 1 | R80: 1 | S80: 1 | T80: 1 | U80: 1 | V80: 1 | W80: X | X80: X | Y80: 3 | Z80: 3 | AA80: 3 | AB80: 3 | AC80: 3 | AD80: 3 | AE80: X | AF80: X
A83: NOVEMBER | B83: 1 | C83: 2 | D83: 3 | E83: 4 | F83: 5 | G83: 6 | H83: 7 | I83: 8 | J83: 9 | K83: 10 | L83: 11 | M83: 12 | N83: 13 | O83: 14 | P83: 15 | Q83: 16 | R83: 17 | S83: 18 | T83: 19 | U83: 20 | V83: 21 | W83: 22 | X83: 23 | Y83: 24 | Z83: 25 | AA83: 26 | AB83: 27 | AC83: 28 | AD83: 29 | AE83: 30
B84: H | C84: K | D84: Sze | E84: Cs | F84: P | G84: Szo | H84: V | I84: H | J84: K | K84: Sze | L84: Cs | M84: P | N84: Szo | O84: V | P84: H | Q84: K | R84: Sze | S84: Cs | T84: P | U84: Szo | V84: V | W84: H | X84: K | Y84: Sze | Z84: Cs | AA84: P | AB84: Szo | AC84: V | AD84: H | AE84: K
A85: "A" műszak | B85: 3 | C85: 3 | D85: 3 | E85: 3 | F85: X | G85: X | H85: 2 | I85: 2 | J85: 2 | K85: 2 | L85: 2 | M85: 2 | N85: X | O85: X | P85: 1 | Q85: 1 | R85: 1 | S85: 1 | T85: 1 | U85: 1 | V85: X | W85: X | X85: 3 | Y85: 3 | Z85: 3 | AA85: 3 | AB85: 3 | AC85: 3 | AD85: X | AE85: X
A86: "B" műszak | B86: 1 | C86: 1 | D86: X | E86: X | F86: 3 | G86: 3 | H86: 3 | I86: 3 | J86: 3 | K86: 3 | L86: X | M86: X | N86: 2 | O86: 2 | P86: 2 | Q86: 2 | R86: 2 | S86: 2 | T86: X | U86: X | V86: 1 | W86: 1 | X86: 1 | Y86: 1 | Z86: 1 | AA86: 1 | AB86: X | AC86: X | AD86: 3 | AE86: 3
A87: "C" műszak | B87: X | C87: X | D87: 1 | E87: 1 | F87: 1 | G87: 1 | H87: 1 | I87: 1 | J87: X | K87: X | L87: 3 | M87: 3 | N87: 3 | O87: 3 | P87: 3 | Q87: 3 | R87: X | S87: X | T87: 2 | U87: 2 | V87: 2 | W87: 2 | X87: 2 | Y87: 2 | Z87: X | AA87: X | AB87: 1 | AC87: 1 | AD87: 1 | AE87: 1
A88: "D" műszak | B88: 2 | C88: 2 | D88: 2 | E88: 2 | F88: 2 | G88: 2 | H88: X | I88: X | J88: 1 | K88: 1 | L88: 1 | M88: 1 | N88: 1 | O88: 1 | P88: X | Q88: X | R88: 3 | S88: 3 | T88: 3 | U88: 3 | V88: 3 | W88: 3 | X88: X | Y88: X | Z88: 2 | AA88: 2 | AB88: 2 | AC88: 2 | AD88: 2 | AE88: 2
A91: DECEMBER | B91: 1 | C91: 2 | D91: 3 | E91: 4 | F91: 5 | G91: 6 | H91: 7 | I91: 8 | J91: 9 | K91: 10 | L91: 11 | M91: 12 | N91: 13 | O91: 14 | P91: 15 | Q91: 16 | R91: 17 | S91: 18 | T91: 19 | U91: 20 | V91: 21 | W91: 22 | X91: 23 | Y91: 24 | Z91: 25 | AA91: 26 | AB91: 27 | AC91: 28 | AD91: 29 | AE91: 30 | AF91: 31
B92: Sze | C92: Cs | D92: P | E92: Szo | F92: V | G92: H | H92: K | I92: Sze | J92: Cs | K92: P | L92: Szo | M92: V | N92: H | O92: K | P92: Sze | Q92: Cs | R92: P | S92: Szo | T92: V | U92: H | V92: K | W92: Sze | X92: Cs | Y92: P | Z92: Szo | AA92: V | AB92: H | AC92: K | AD92: Sze | AE92: Cs | AF92: P
A93: "A" műszak | B93: 2 | C93: 2 | D93: 2 | E93: 2 | F93: 2 | G93: 2 | H93: X | I93: X | J93: 1 | K93: 1 | L93: 1 | M93: 1 | N93: 1 | O93: 1 | P93: X | Q93: X | R93: 3 | S93: 3 | T93: 3 | U93: 3 | V93: 3 | W93: 3 | X93: X | Y93: X | Z93: 2 | AA93: 2 | AB93: 2 | AC93: 2 | AD93: 2 | AE93: 2 | AF93: X
A94: "B" műszak | B94: 3 | C94: 3 | D94: 3 | E94: 3 | F94: X | G94: X | H94: 2 | I94: 2 | J94: 2 | K94: 2 | L94: 2 | M94: 2 | N94: X | O94: X | P94: 1 | Q94: 1 | R94: 1 | S94: 1 | T94: 1 | U94: 1 | V94: X | W94: X | X94: 3 | Y94: 3 | Z94: 3 | AA94: 3 | AB94: 3 | AC94: 3 | AD94: X | AE94: X | AF94: 2
A95: "C" műszak | B95: 1 | C95: 1 | D95: X | E95: X | F95: 3 | G95: 3 | H95: 3 | I95: 3 | J95: 3 | K95: 3 | L95: X | M95: X | N95: 2 | O95: 2 | P95: 2 | Q95: 2 | R95: 2 | S95: 2 | T95: X | U95: X | V95: 1 | W95: 1 | X95: 1 | Y95: 1 | Z95: 1 | AA95: 1 | AB95: X | AC95: X | AD95: 3 | AE95: 3 | AF95: 3
A96: "D" műszak | B96: X | C96: X | D96: 1 | E96: 1 | F96: 1 | G96: 1 | H96: 1 | I96: 1 | J96: X | K96: X | L96: 3 | M96: 3 | N96: 3 | O96: 3 | P96: 3 | Q96: 3 | R96: X | S96: X | T96: 2 | U96: 2 | V96: 2 | W96: 2 | X96: 2 | Y96: 2 | Z96: X | AA96: X | AB96: 1 | AC96: 1 | AD96: 1 | AE96: 1 | AF96: 1

Sheet ÖSSZES
A1: N é v | B1: Áth. | C1: Gye-rek | D1: 2021 | E1: Össz. | F1: I. | G1: II. | H1: III. | I1: IV. | J1: V. | K1: VI. | L1: VII | M1: VIII | N1: IX | O1: X | P1: XI | Q1: XII | R1: Szf | S1: M. | U1: I. | V1: II | W1: III | X1: IV | Y1: V | Z1: VI | AA1: VII | AB1: VIII | AC1: IX | AD1: X | AE1: XI | AF1: XII | AG1: + | AH1: M.
F2: szf | G2: szf | H2: szf | I2: szf | J2: szf | K2: szf | L2: szf | M2: szf | N2: szf | O2: szf | P2: szf | Q2: szf | S2: szf | U2: + | V2: + | W2: + | X2: + | Y2: + | Z2: + | AA2: + | AB2: + | AC2: + | AD2: + | AE2: + | AF2: + | AH2: +
A3: Csuka Lajos | D3: 30 | E3: =SUM(B3:D3) -> 30 | F3: =A!AI4 -> 0 | G3: =A!AI28 -> 0 | H3: =A!AI52 -> 0 | I3: =A!AI76 -> 0 | J3: =A!AI100 -> 0 | K3: =A!AI124 -> 0 | L3: =A!AI148 -> 0 | M3: =A!AI172 -> 0 | N3: =A!AI196 -> 0 | O3: =A!AI220 -> 0 | P3: =A!AI244 -> 0 | Q3: =A!AI268 -> 0 | R3: =SUM(F3+G3+H3+I3+J3+K3+L3+M3+N3+O3+P3+Q3) -> 0 | S3: =SUM(E3-R3) -> 30 | U3: =A!AH4 -> 0 | V3: =A!AH28 -> 0 | W3: =A!AH52 -> 0 | X3: =A!AH76 -> 0 | Y3: =A!AH100 -> 0 | Z3: =A!AH124 -> 0 | AA3: =A!AH148 -> 0 | AB3: =A!AH172 -> 0 | AC3: =A!AH196 -> 0 | AD3: =A!AH220 -> 0 | AE3: =A!AH244 -> 0 | AF3: =A!AH268 -> 0 | AG3: =SUM(U3+V3+W3+X3+Y3+Z3+AA3+AB3+AC3+AD3+AE3+AF3) -> 0 | AH3: =SUM(16-AG3) -> 16
A4: Batiz Attila | E4: =SUM(B4:D4) -> 0 | F4: =A!AI5 -> 0 | G4: =A!AI29 -> 0 | H4: =A!AI53 -> 0 | I4: =A!AI77 -> 0 | J4: =A!AI101 -> 0 | K4: =A!AI125 -> 0 | L4: =A!AI149 -> 0 | M4: =A!AI173 -> 0 | N4: =A!AI197 -> 0 | O4: =A!AI221 -> 0 | P4: =A!AI245 -> 0 | Q4: =A!AI269 -> 0 | R4: =SUM(F4+G4+H4+I4+J4+K4+L4+M4+N4+O4+P4+Q4) -> 0 | S4: =SUM(E4-R4) -> 0 | U4: =A!AH5 -> 0 | V4: =A!AH29 -> 0 | W4: =A!AH53 -> 0 | X4: =A!AH77 -> 0 | Y4: =A!AH101 -> 0 | Z4: =A!AH125 -> 0 | AA4: =A!AH149 -> 0 | AB4: =A!AH173 -> 0 | AC4: =A!AH197 -> 0 | AD4: =A!AH221 -> 0 | AE4: =A!AH245 -> 0 | AF4: =A!AH269 -> 0 | AG4: =SUM(U4+V4+W4+X4+Y4+Z4+AA4+AB4+AC4+AD4+AE4+AF4) -> 0 | AH4: =SUM(16-AG4) -> 16
A5: Füredi Antal | E5: =SUM(B5:D5) -> 0 | F5: =A!AI6 -> 0 | G5: =A!AI30 -> 0 | H5: =A!AI54 -> 0 | I5: =A!AI78 -> 0 | J5: =A!AI102 -> 0 | K5: =A!AI126 -> 0 | L5: =A!AI150 -> 0 | M5: =A!AI174 -> 0 | N5: =A!AI198 -> 0 | O5: =A!AI222 -> 0 | P5: =A!AI246 -> 0 | Q5: =A!AI270 -> 0 | R5: =SUM(F5+G5+H5+I5+J5+K5+L5+M5+N5+O5+P5+Q5) -> 0 | S5: =SUM(E5-R5) -> 0 | U5: =A!AH6 -> 0 | V5: =A!AH30 -> 0 | W5: =A!AH54 -> 0 | X5: =A!AH78 -> 0 | Y5: =A!AH102 -> 0 | Z5: =A!AH126 -> 0 | AA5: =A!AH150 -> 0 | AB5: =A!AH174 -> 0 | AC5: =A!AH198 -> 0 | AD5: =A!AH222 -> 0 | AE5: =A!AH246 -> 0 | AF5: =A!AH270 -> 0 | AG5: =SUM(U5+V5+W5+X5+Y5+Z5+AA5+AB5+AC5+AD5+AE5+AF5) -> 0 | AH5: =SUM(16-AG5) -> 16
A6: Iványi István | E6: =SUM(B6:D6) -> 0 | F6: =A!AI7 -> 0 | G6: =A!AI31 -> 0 | H6: =A!AI55 -> 0 | I6: =A!AI79 -> 0 | J6: =A!AI103 -> 0 | K6: =A!AI127 -> 0 | L6: =A!AI151 -> 0 | M6: =A!AI175 -> 0 | N6: =A!AI199 -> 0 | O6: =A!AI223 -> 0 | P6: =A!AI247 -> 0 | Q6: =A!AI271 -> 0 | R6: =SUM(F6+G6+H6+I6+J6+K6+L6+M6+N6+O6+P6+Q6) -> 0 | S6: =SUM(E6-R6) -> 0 | U6: =A!AH7 -> 0 | V6: =A!AH31 -> 0 | W6: =A!AH55 -> 0 | X6: =A!AH79 -> 0 | Y6: =A!AH103 -> 0 | Z6: =A!AH127 -> 0 | AA6: =A!AH151 -> 0 | AB6: =A!AH175 -> 0 | AC6: =A!AH199 -> 0 | AD6: =A!AH223 -> 0 | AE6: =A!AH247 -> 0 | AF6: =A!AH271 -> 0 | AG6: =SUM(U6+V6+W6+X6+Y6+Z6+AA6+AB6+AC6+AD6+AE6+AF6) -> 0 | AH6: =SUM(16-AG6) -> 16
A7: Katonka Tibor | E7: =SUM(B7:D7) -> 0 | F7: =A!AI8 -> 0 | G7: =A!AI32 -> 0 | H7: =A!AI56 -> 0 | I7: =A!AI80 -> 0 | J7: =A!AI104 -> 0 | K7: =A!AI128 -> 0 | L7: =A!AI152 -> 0 | M7: =A!AI176 -> 0 | N7: =A!AI200 -> 0 | O7: =A!AI224 -> 0 | P7: =A!AI248 -> 0 | Q7: =A!AI272 -> 0 | R7: =SUM(F7+G7+H7+I7+J7+K7+L7+M7+N7+O7+P7+Q7) -> 0 | S7: =SUM(E7-R7) -> 0 | U7: =A!AH8 -> 0 | V7: =A!AH32 -> 0 | W7: =A!AH56 -> 0 | X7: =A!AH80 -> 0 | Y7: =A!AH104 -> 0 | Z7: =A!AH128 -> 0 | AA7: =A!AH152 -> 0 | AB7: =A!AH176 -> 0 | AC7: =A!AH200 -> 0 | AD7: =A!AH224 -> 0 | AE7: =A!AH248 -> 0 | AF7: =A!AH272 -> 0 | AG7: =SUM(U7+V7+W7+X7+Y7+Z7+AA7+AB7+AC7+AD7+AE7+AF7) -> 0 | AH7: =SUM(16-AG7) -> 16
A8: Mizsák Péter | E8: =SUM(B8:D8) -> 0 | F8: =A!AI9 -> 0 | G8: =A!AI33 -> 0 | H8: =A!AI57 -> 0 | I8: =A!AI81 -> 0 | J8: =A!AI105 -> 0 | K8: =A!AI129 -> 0 | L8: =A!AI153 -> 0 | M8: =A!AI177 -> 0 | N8: =A!AI201 -> 0 | O8: =A!AI225 -> 0 | P8: =A!AI249 -> 0 | Q8: =A!AI273 -> 0 | R8: =SUM(F8+G8+H8+I8+J8+K8+L8+M8+N8+O8+P8+Q8) -> 0 | S8: =SUM(E8-R8) -> 0 | U8: =A!AH9 -> 0 | V8: =A!AH33 -> 0 | W8: =A!AH57 -> 0 | X8: =A!AH81 -> 0 | Y8: =A!AH105 -> 0 | Z8: =A!AH129 -> 0 | AA8: =A!AH153 -> 0 | AB8: =A!AH177 -> 0 | AC8: =A!AH201 -> 0 | AD8: =A!AH225 -> 0 | AE8: =A!AH249 -> 0 | AF8: =A!AH273 -> 0 | AG8: =SUM(U8+V8+W8+X8+Y8+Z8+AA8+AB8+AC8+AD8+AE8+AF8) -> 0 | AH8: =SUM(16-AG8) -> 16
A9: Vatamány Gergő | E9: =SUM(B9:D9) -> 0 | F9: =A!AI10 -> 0 | G9: =A!AI34 -> 0 | H9: =A!AI58 -> 0 | I9: =A!AI82 -> 0 | J9: =A!AI106 -> 0 | K9: =A!AI130 -> 0 | L9: =A!AI154 -> 0 | M9: =A!AI178 -> 0 | N9: =A!AI202 -> 0 | O9: =A!AI226 -> 0 | P9: =A!AI250 -> 0 | Q9: =A!AI274 -> 0 | R9: =SUM(F9+G9+H9+I9+J9+K9+L9+M9+N9+O9+P9+Q9) -> 0 | S9: =SUM(E9-R9) -> 0 | U9: =A!AH10 -> 0 | V9: =A!AH34 -> 0 | W9: =A!AH58 -> 0 | X9: =A!AH82 -> 0 | Y9: =A!AH106 -> 0 | Z9: =A!AH130 -> 0 | AA9: =A!AH154 -> 0 | AB9: =A!AH178 -> 0 | AC9: =A!AH202 -> 0 | AD9: =A!AH226 -> 0 | AE9: =A!AH250 -> 0 | AF9: =A!AH274 -> 0 | AG9: =SUM(U9+V9+W9+X9+Y9+Z9+AA9+AB9+AC9+AD9+AE9+AF9) -> 0 | AH9: =SUM(16-AG9) -> 16
A10: Név8 | E10: =SUM(B10:D10) -> 0 | F10: =A!AI11 -> 0 | G10: =A!AI35 -> 0 | H10: =A!AI59 -> 0 | I10: =A!AI83 -> 0 | J10: =A!AI107 -> 0 | K10: =A!AI131 -> 0 | L10: =A!AI155 -> 0 | M10: =A!AI179 -> 0 | N10: =A!AI203 -> 0 | O10: =A!AI227 -> 0 | P10: =A!AI251 -> 0 | Q10: =A!AI275 -> 0 | R10: =SUM(F10+G10+H10+I10+J10+K10+L10+M10+N10+O10+P10+Q10) -> 0 | S10: =SUM(E10-R10) -> 0 | U10: =A!AH11 -> 0 | V10: =A!AH35 -> 0 | W10: =A!AH59 -> 0 | X10: =A!AH83 -> 0 | Y10: =A!AH107 -> 0 | Z10: =A!AH131 -> 0 | AA10: =A!AH155 -> 0 | AB10: =A!AH179 -> 0 | AC10: =A!AH203 -> 0 | AD10: =A!AH227 -> 0 | AE10: =A!AH251 -> 0 | AF10: =A!AH275 -> 0 | AG10: =SUM(U10+V10+W10+X10+Y10+Z10+AA10+AB10+AC10+AD10+AE10+AF10) -> 0 | AH10: =SUM(16-AG10) -> 16
A11: Név9 | E11: =SUM(B11:D11) -> 0 | F11: =A!AI12 -> 0 | G11: =A!AI36 -> 0 | H11: =A!AI60 -> 0 | I11: =A!AI84 -> 0 | J11: =A!AI108 -> 0 | K11: =A!AI132 -> 0 | L11: =A!AI156 -> 0 | M11: =A!AI180 -> 0 | N11: =A!AI204 -> 0 | O11: =A!AI228 -> 0 | P11: =A!AI252 -> 0 | Q11: =A!AI276 -> 0 | R11: =SUM(F11+G11+H11+I11+J11+K11+L11+M11+N11+O11+P11+Q11) -> 0 | S11: =SUM(E11-R11) -> 0 | U11: =A!AH12 -> 0 | V11: =A!AH36 -> 0 | W11: =A!AH60 -> 0 | X11: =A!AH84 -> 0 | Y11: =A!AH108 -> 0 | Z11: =A!AH132 -> 0 | AA11: =A!AH156 -> 0 | AB11: =A!AH180 -> 0 | AC11: =A!AH204 -> 0 | AD11: =A!AH228 -> 0 | AE11: =A!AH252 -> 0 | AF11: =A!AH276 -> 0 | AG11: =SUM(U11+V11+W11+X11+Y11+Z11+AA11+AB11+AC11+AD11+AE11+AF11) -> 0 | AH11: =SUM(16-AG11) -> 16
A12: Név10 | E12: =SUM(B12:D12) -> 0 | F12: =A!AI13 -> 0 | G12: =A!AI37 -> 0 | H12: =A!AI61 -> 0 | I12: =A!AI85 -> 0 | J12: =A!AI109 -> 0 | K12: =A!AI133 -> 0 | L12: =A!AI157 -> 0 | M12: =A!AI181 -> 0 | N12: =A!AI205 -> 0 | O12: =A!AI229 -> 0 | P12: =A!AI253 -> 0 | Q12: =A!AI277 -> 0 | R12: =SUM(F12+G12+H12+I12+J12+K12+L12+M12+N12+O12+P12+Q12) -> 0 | S12: =SUM(E12-R12) -> 0 | U12: =A!AH13 -> 0 | V12: =A!AH37 -> 0 | W12: =A!AH61 -> 0 | X12: =A!AH85 -> 0 | Y12: =A!AH109 -> 0 | Z12: =A!AH133 -> 0 | AA12: =A!AH157 -> 0 | AB12: =A!AH181 -> 0 | AC12: =A!AH205 -> 0 | AD12: =A!AH229 -> 0 | AE12: =A!AH253 -> 0 | AF12: =A!AH277 -> 0 | AG12: =SUM(U12+V12+W12+X12+Y12+Z12+AA12+AB12+AC12+AD12+AE12+AF12) -> 0 | AH12: =SUM(16-AG12) -> 16
A13: Név11 | E13: =SUM(B13:D13) -> 0 | F13: =A!AI14 -> 0 | G13: =A!AI38 -> 0 | H13: =A!AI62 -> 0 | I13: =A!AI86 -> 0 | J13: =A!AI110 -> 0 | K13: =A!AI134 -> 0 | L13: =A!AI158 -> 0 | M13: =A!AI182 -> 0 | N13: =A!AI206 -> 0 | O13: =A!AI230 -> 0 | P13: =A!AI254 -> 0 | Q13: =A!AI278 -> 0 | R13: =SUM(F13+G13+H13+I13+J13+K13+L13+M13+N13+O13+P13+Q13) -> 0 | S13: =SUM(E13-R13) -> 0 | U13: =A!AH14 -> 0 | V13: =A!AH38 -> 0 | W13: =A!AH62 -> 0 | X13: =A!AH86 -> 0 | Y13: =A!AH110 -> 0 | Z13: =A!AH134 -> 0 | AA13: =A!AH158 -> 0 | AB13: =A!AH182 -> 0 | AC13: =A!AH206 -> 0 | AD13: =A!AH230 -> 0 | AE13: =A!AH254 -> 0 | AF13: =A!AH278 -> 0 | AG13: =SUM(U13+V13+W13+X13+Y13+Z13+AA13+AB13+AC13+AD13+AE13+AF13) -> 0 | AH13: =SUM(16-AG13) -> 16
A14: Név12 | E14: =SUM(B14:D14) -> 0 | F14: =A!AI15 -> 0 | G14: =A!AI39 -> 0 | H14: =A!AI63 -> 0 | I14: =A!AI87 -> 0 | J14: =A!AI111 -> 0 | K14: =A!AI135 -> 0 | L14: =A!AI159 -> 0 | M14: =A!AI183 -> 0 | N14: =A!AI207 -> 0 | O14: =A!AI231 -> 0 | P14: =A!AI255 -> 0 | Q14: =A!AI279 -> 0 | R14: =SUM(F14+G14+H14+I14+J14+K14+L14+M14+N14+O14+P14+Q14) -> 0 | S14: =SUM(E14-R14) -> 0 | U14: =A!AH15 -> 0 | V14: =A!AH39 -> 0 | W14: =A!AH63 -> 0 | X14: =A!AH87 -> 0 | Y14: =A!AH111 -> 0 | Z14: =A!AH135 -> 0 | AA14: =A!AH159 -> 0 | AB14: =A!AH183 -> 0 | AC14: =A!AH207 -> 0 | AD14: =A!AH231 -> 0 | AE14: =A!AH255 -> 0 | AF14: =A!AH279 -> 0 | AG14: =SUM(U14+V14+W14+X14+Y14+Z14+AA14+AB14+AC14+AD14+AE14+AF14) -> 0 | AH14: =SUM(16-AG14) -> 16
A15: Név13 | E15: =SUM(B15:D15) -> 0 | F15: =A!AI16 -> 0 | G15: =A!AI40 -> 0 | H15: =A!AI64 -> 0 | I15: =A!AI88 -> 0 | J15: =A!AI112 -> 0 | K15: =A!AI136 -> 0 | L15: =A!AI160 -> 0 | M15: =A!AI184 -> 0 | N15: =A!AI208 -> 0 | O15: =A!AI232 -> 0 | P15: =A!AI256 -> 0 | Q15: =A!AI280 -> 0 | R15: =SUM(F15+G15+H15+I15+J15+K15+L15+M15+N15+O15+P15+Q15) -> 0 | S15: =SUM(E15-R15) -> 0 | U15: =A!AH16 -> 0 | V15: =A!AH40 -> 0 | W15: =A!AH64 -> 0 | X15: =A!AH88 -> 0 | Y15: =A!AH112 -> 0 | Z15: =A!AH136 -> 0 | AA15: =A!AH160 -> 0 | AB15: =A!AH184 -> 0 | AC15: =A!AH208 -> 0 | AD15: =A!AH232 -> 0 | AE15: =A!AH256 -> 0 | AF15: =A!AH280 -> 0 | AG15: =SUM(U15+V15+W15+X15+Y15+Z15+AA15+AB15+AC15+AD15+AE15+AF15) -> 0 | AH15: =SUM(16-AG15) -> 16
... A22: Név20 | E22: =SUM(B22:D22) -> 0 | F22: =A!AI23 -> 0 | G22: =A!AI47 -> 0 | H22: =A!AI71 -> 0 | I22: =A!AI95 -> 0 | J22: =A!AI119 -> 0 | K22: =A!AI143 -> 0 | L22: =A!AI167 -> 0 | M22: =A!AI191 -> 0 | N22: =A!AI215 -> 0 | O22: =A!AI239 -> 0 | P22: =A!AI263 -> 0 | Q22: =A!AI287 -> 0 | R22: =SUM(F22+G22+H22+I22+J22+K22+L22+M22+N22+O22+P22+Q22) -> 0 | S22: =SUM(E22-R22) -> 0 | U22: =A!AH23 -> 0 | V22: =A!AH47 -> 0 | W22: =A!AH71 -> 0 | X22: =A!AH95 -> 0 | Y22: =A!AH119 -> 0 | Z22: =A!AH143 -> 0 | AA22: =A!AH167 -> 0 | AB22: =A!AH191 -> 0 | AC22: =A!AH215 -> 0 | AD22: =A!AH239 -> 0 | AE22: =A!AH263 -> 0 | AF22: =A!AH287 -> 0 | AG22: =SUM(U22+V22+W22+X22+Y22+Z22+AA22+AB22+AC22+AD22+AE22+AF22) -> 0 | AH22: =SUM(16-AG22) -> 16
A24: N é v | B24: Áth. | C24: Gye-rek | D24: 2021 | E24: Össz. | F24: I. | G24: II. | H24: III. | I24: IV. | J24: V. | K24: VI. | L24: VII | M24: VIII | N24: IX | O24: X | P24: XI | Q24: XII | R24: Szf | S24: M. | U24: I. | V24: II | W24: III | X24: IV | Y24: V | Z24: VI | AA24: VII | AB24: VIII | AC24: IX | AD24: X | AE24: XI | AF24: XII | AG24: + | AH24: M.
F25: szf | G25: szf | H25: szf | I25: szf | J25: szf | K25: szf | L25: szf | M25: szf | N25: szf | O25: szf | P25: szf | Q25: szf | S25: szf | U25: + | V25: + | W25: + | X25: + | Y25: + | Z25: + | AA25: + | AB25: + | AC25: + | AD25: + | AE25: + | AF25: + | AH25: +
A26: Katona László | E26: =SUM(B26:D26) -> 0 | F26: =B!AI4 -> 0 | G26: =B!AI28 -> 0 | H26: =B!AI52 -> 0 | I26: =B!AI76 -> 0 | J26: =B!AI100 -> 0 | K26: =B!AI124 -> 0 | L26: =B!AI148 -> 0 | M26: =B!AI172 -> 0 | N26: =B!AI196 -> 0 | O26: =B!AI220 -> 0 | P26: =B!AI244 -> 0 | Q26: =B!AI268 -> 0 | R26: =SUM(F26+G26+H26+I26+J26+K26+L26+M26+N26+O26+P26+Q26) -> 0 | S26: =SUM(E26-R26) -> 0 | U26: =B!AH4 -> 0 | V26: =B!AH28 -> 0 | W26: =B!AH52 -> 0 | X26: =B!AH76 -> 0 | Y26: =B!AH100 -> 0 | Z26: =B!AH124 -> 0 | AA26: =B!AH148 -> 0 | AB26: =B!AH172 -> 0 | AC26: =B!AH196 -> 0 | AD26: =B!AH220 -> 0 | AE26: =B!AH244 -> 0 | AF26: =B!AH268 -> 0 | AG26: =SUM(U26+V26+W26+X26+Y26+Z26+AA26+AB26+AC26+AD26+AE26+AF26) -> 0 | AH26: =SUM(16-AG26) -> 16
A27: Fényi László | E27: =SUM(B27:D27) -> 0 | F27: =B!AI5 -> 0 | G27: =B!AI29 -> 0 | H27: =B!AI53 -> 0 | I27: =B!AI77 -> 0 | J27: =B!AI101 -> 0 | K27: =B!AI125 -> 0 | L27: =B!AI149 -> 0 | M27: =B!AI173 -> 0 | N27: =B!AI197 -> 0 | O27: =B!AI221 -> 0 | P27: =B!AI245 -> 0 | Q27: =B!AI269 -> 0 | R27: =SUM(F27+G27+H27+I27+J27+K27+L27+M27+N27+O27+P27+Q27) -> 0 | S27: =SUM(E27-R27) -> 0 | U27: =B!AH5 -> 0 | V27: =B!AH29 -> 0 | W27: =B!AH53 -> 0 | X27: =B!AH77 -> 0 | Y27: =B!AH101 -> 0 | Z27: =B!AH125 -> 0 | AA27: =B!AH149 -> 0 | AB27: =B!AH173 -> 0 | AC27: =B!AH197 -> 0 | AD27: =B!AH221 -> 0 | AE27: =B!AH245 -> 0 | AF27: =B!AH269 -> 0 | AG27: =SUM(U27+V27+W27+X27+Y27+Z27+AA27+AB27+AC27+AD27+AE27+AF27) -> 0 | AH27: =SUM(16-AG27) -> 16
A28: Habara Gábor | E28: =SUM(B28:D28) -> 0 | F28: =B!AI6 -> 0 | G28: =B!AI30 -> 0 | H28: =B!AI54 -> 0 | I28: =B!AI78 -> 0 | J28: =B!AI102 -> 0 | K28: =B!AI126 -> 0 | L28: =B!AI150 -> 0 | M28: =B!AI174 -> 0 | N28: =B!AI198 -> 0 | O28: =B!AI222 -> 0 | P28: =B!AI246 -> 0 | Q28: =B!AI270 -> 0 | R28: =SUM(F28+G28+H28+I28+J28+K28+L28+M28+N28+O28+P28+Q28) -> 0 | S28: =SUM(E28-R28) -> 0 | U28: =B!AH6 -> 0 | V28: =B!AH30 -> 0 | W28: =B!AH54 -> 0 | X28: =B!AH78 -> 0 | Y28: =B!AH102 -> 0 | Z28: =B!AH126 -> 0 | AA28: =B!AH150 -> 0 | AB28: =B!AH174 -> 0 | AC28: =B!AH198 -> 0 | AD28: =B!AH222 -> 0 | AE28: =B!AH246 -> 0 | AF28: =B!AH270 -> 0 | AG28: =SUM(U28+V28+W28+X28+Y28+Z28+AA28+AB28+AC28+AD28+AE28+AF28) -> 0 | AH28: =SUM(16-AG28) -> 16
A29: Holba Imre | D29: 30 | E29: =SUM(B29:D29) -> 30 | F29: =B!AI7 -> 0 | G29: =B!AI31 -> 0 | H29: =B!AI55 -> 0 | I29: =B!AI79 -> 0 | J29: =B!AI103 -> 0 | K29: =B!AI127 -> 0 | L29: =B!AI151 -> 0 | M29: =B!AI175 -> 0 | N29: =B!AI199 -> 0 | O29: =B!AI223 -> 0 | P29: =B!AI247 -> 0 | Q29: =B!AI271 -> 0 | R29: =SUM(F29+G29+H29+I29+J29+K29+L29+M29+N29+O29+P29+Q29) -> 0 | S29: =SUM(E29-R29) -> 30 | U29: =B!AH7 -> 0 | V29: =B!AH31 -> 0 | W29: =B!AH55 -> 0 | X29: =B!AH79 -> 0 | Y29: =B!AH103 -> 0 | Z29: =B!AH127 -> 0 | AA29: =B!AH151 -> 0 | AB29: =B!AH175 -> 0 | AC29: =B!AH199 -> 0 | AD29: =B!AH223 -> 0 | AE29: =B!AH247 -> 0 | AF29: =B!AH271 -> 0 | AG29: =SUM(U29+V29+W29+X29+Y29+Z29+AA29+AB29+AC29+AD29+AE29+AF29) -> 0 | AH29: =SUM(16-AG29) -> 16
A30: Király Bálint Donát | E30: =SUM(B30:D30) -> 0 | F30: =B!AI8 -> 0 | G30: =B!AI32 -> 0 | H30: =B!AI56 -> 0 | I30: =B!AI80 -> 0 | J30: =B!AI104 -> 0 | K30: =B!AI128 -> 0 | L30: =B!AI152 -> 0 | M30: =B!AI176 -> 0 | N30: =B!AI200 -> 0 | O30: =B!AI224 -> 0 | P30: =B!AI248 -> 0 | Q30: =B!AI272 -> 0 | R30: =SUM(F30+G30+H30+I30+J30+K30+L30+M30+N30+O30+P30+Q30) -> 0 | S30: =SUM(E30-R30) -> 0 | U30: =B!AH8 -> 0 | V30: =B!AH32 -> 0 | W30: =B!AH56 -> 0 | X30: =B!AH80 -> 0 | Y30: =B!AH104 -> 0 | Z30: =B!AH128 -> 0 | AA30: =B!AH152 -> 0 | AB30: =B!AH176 -> 0 | AC30: =B!AH200 -> 0 | AD30: =B!AH224 -> 0 | AE30: =B!AH248 -> 0 | AF30: =B!AH272 -> 0 | AG30: =SUM(U30+V30+W30+X30+Y30+Z30+AA30+AB30+AC30+AD30+AE30+AF30) -> 0 | AH30: =SUM(16-AG30) -> 16
A31: Kiss János Tamás | D31: 30 | E31: =SUM(B31:D31) -> 30 | F31: =B!AI9 -> 0 | G31: =B!AI33 -> 0 | H31: =B!AI57 -> 0 | I31: =B!AI81 -> 0 | J31: =B!AI105 -> 0 | K31: =B!AI129 -> 0 | L31: =B!AI153 -> 0 | M31: =B!AI177 -> 0 | N31: =B!AI201 -> 0 | O31: =B!AI225 -> 0 | P31: =B!AI249 -> 0 | Q31: =B!AI273 -> 0 | R31: =SUM(F31+G31+H31+I31+J31+K31+L31+M31+N31+O31+P31+Q31) -> 0 | S31: =SUM(E31-R31) -> 30 | U31: =B!AH9 -> 0 | V31: =B!AH33 -> 0 | W31: =B!AH57 -> 0 | X31: =B!AH81 -> 0 | Y31: =B!AH105 -> 0 | Z31: =B!AH129 -> 0 | AA31: =B!AH153 -> 0 | AB31: =B!AH177 -> 0 | AC31: =B!AH201 -> 0 | AD31: =B!AH225 -> 0 | AE31: =B!AH249 -> 0 | AF31: =B!AH273 -> 0 | AG31: =SUM(U31+V31+W31+X31+Y31+Z31+AA31+AB31+AC31+AD31+AE31+AF31) -> 0 | AH31: =SUM(16-AG31) -> 16
A32: Mezei Lajos | D32: 30 | E32: =SUM(B32:D32) -> 30 | F32: =B!AI10 -> 0 | G32: =B!AI34 -> 0 | H32: =B!AI58 -> 0 | I32: =B!AI82 -> 0 | J32: =B!AI106 -> 0 | K32: =B!AI130 -> 0 | L32: =B!AI154 -> 0 | M32: =B!AI178 -> 0 | N32: =B!AI202 -> 0 | O32: =B!AI226 -> 0 | P32: =B!AI250 -> 0 | Q32: =B!AI274 -> 0 | R32: =SUM(F32+G32+H32+I32+J32+K32+L32+M32+N32+O32+P32+Q32) -> 0 | S32: =SUM(E32-R32) -> 30 | U32: =B!AH10 -> 0 | V32: =B!AH34 -> 0 | W32: =B!AH58 -> 0 | X32: =B!AH82 -> 0 | Y32: =B!AH106 -> 0 | Z32: =B!AH130 -> 0 | AA32: =B!AH154 -> 0 | AB32: =B!AH178 -> 0 | AC32: =B!AH202 -> 0 | AD32: =B!AH226 -> 0 | AE32: =B!AH250 -> 0 | AF32: =B!AH274 -> 0 | AG32: =SUM(U32+V32+W32+X32+Y32+Z32+AA32+AB32+AC32+AD32+AE32+AF32) -> 0 | AH32: =SUM(16-AG32) -> 16
A33: Név8 | E33: =SUM(B33:D33) -> 0 | F33: =B!AI11 -> 0 | G33: =B!AI35 -> 0 | H33: =B!AI59 -> 0 | I33: =B!AI83 -> 0 | J33: =B!AI107 -> 0 | K33: =B!AI131 -> 0 | L33: =B!AI155 -> 0 | M33: =B!AI179 -> 0 | N33: =B!AI203 -> 0 | O33: =B!AI227 -> 0 | P33: =B!AI251 -> 0 | Q33: =B!AI275 -> 0 | R33: =SUM(F33+G33+H33+I33+J33+K33+L33+M33+N33+O33+P33+Q33) -> 0 | S33: =SUM(E33-R33) -> 0 | U33: =B!AH11 -> 0 | V33: =B!AH35 -> 0 | W33: =B!AH59 -> 0 | X33: =B!AH83 -> 0 | Y33: =B!AH107 -> 0 | Z33: =B!AH131 -> 0 | AA33: =B!AH155 -> 0 | AB33: =B!AH179 -> 0 | AC33: =B!AH203 -> 0 | AD33: =B!AH227 -> 0 | AE33: =B!AH251 -> 0 | AF33: =B!AH275 -> 0 | AG33: =SUM(U33+V33+W33+X33+Y33+Z33+AA33+AB33+AC33+AD33+AE33+AF33) -> 0 | AH33: =SUM(16-AG33) -> 16
A34: Név9 | E34: =SUM(B34:D34) -> 0 | F34: =B!AI12 -> 0 | G34: =B!AI36 -> 0 | H34: =B!AI60 -> 0 | I34: =B!AI84 -> 0 | J34: =B!AI108 -> 0 | K34: =B!AI132 -> 0 | L34: =B!AI156 -> 0 | M34: =B!AI180 -> 0 | N34: =B!AI204 -> 0 | O34: =B!AI228 -> 0 | P34: =B!AI252 -> 0 | Q34: =B!AI276 -> 0 | R34: =SUM(F34+G34+H34+I34+J34+K34+L34+M34+N34+O34+P34+Q34) -> 0 | S34: =SUM(E34-R34) -> 0 | U34: =B!AH12 -> 0 | V34: =B!AH36 -> 0 | W34: =B!AH60 -> 0 | X34: =B!AH84 -> 0 | Y34: =B!AH108 -> 0 | Z34: =B!AH132 -> 0 | AA34: =B!AH156 -> 0 | AB34: =B!AH180 -> 0 | AC34: =B!AH204 -> 0 | AD34: =B!AH228 -> 0 | AE34: =B!AH252 -> 0 | AF34: =B!AH276 -> 0 | AG34: =SUM(U34+V34+W34+X34+Y34+Z34+AA34+AB34+AC34+AD34+AE34+AF34) -> 0 | AH34: =SUM(16-AG34) -> 16
A35: Név10 | E35: =SUM(B35:D35) -> 0 | F35: =B!AI13 -> 0 | G35: =B!AI37 -> 0 | H35: =B!AI61 -> 0 | I35: =B!AI85 -> 0 | J35: =B!AI109 -> 0 | K35: =B!AI133 -> 0 | L35: =B!AI157 -> 0 | M35: =B!AI181 -> 0 | N35: =B!AI205 -> 0 | O35: =B!AI229 -> 0 | P35: =B!AI253 -> 0 | Q35: =B!AI277 -> 0 | R35: =SUM(F35+G35+H35+I35+J35+K35+L35+M35+N35+O35+P35+Q35) -> 0 | S35: =SUM(E35-R35) -> 0 | U35: =B!AH13 -> 0 | V35: =B!AH37 -> 0 | W35: =B!AH61 -> 0 | X35: =B!AH85 -> 0 | Y35: =B!AH109 -> 0 | Z35: =B!AH133 -> 0 | AA35: =B!AH157 -> 0 | AB35: =B!AH181 -> 0 | AC35: =B!AH205 -> 0 | AD35: =B!AH229 -> 0 | AE35: =B!AH253 -> 0 | AF35: =B!AH277 -> 0 | AG35: =SUM(U35+V35+W35+X35+Y35+Z35+AA35+AB35+AC35+AD35+AE35+AF35) -> 0 | AH35: =SUM(16-AG35) -> 16
A36: Név11 | E36: =SUM(B36:D36) -> 0 | F36: =B!AI14 -> 0 | G36: =B!AI38 -> 0 | H36: =B!AI62 -> 0 | I36: =B!AI86 -> 0 | J36: =B!AI110 -> 0 | K36: =B!AI134 -> 0 | L36: =B!AI158 -> 0 | M36: =B!AI182 -> 0 | N36: =B!AI206 -> 0 | O36: =B!AI230 -> 0 | P36: =B!AI254 -> 0 | Q36: =B!AI278 -> 0 | R36: =SUM(F36+G36+H36+I36+J36+K36+L36+M36+N36+O36+P36+Q36) -> 0 | S36: =SUM(E36-R36) -> 0 | U36: =B!AH14 -> 0 | V36: =B!AH38 -> 0 | W36: =B!AH62 -> 0 | X36: =B!AH86 -> 0 | Y36: =B!AH110 -> 0 | Z36: =B!AH134 -> 0 | AA36: =B!AH158 -> 0 | AB36: =B!AH182 -> 0 | AC36: =B!AH206 -> 0 | AD36: =B!AH230 -> 0 | AE36: =B!AH254 -> 0 | AF36: =B!AH278 -> 0 | AG36: =SUM(U36+V36+W36+X36+Y36+Z36+AA36+AB36+AC36+AD36+AE36+AF36) -> 0 | AH36: =SUM(16-AG36) -> 16
A37: Név12 | E37: =SUM(B37:D37) -> 0 | F37: =B!AI15 -> 0 | G37: =B!AI39 -> 0 | H37: =B!AI63 -> 0 | I37: =B!AI87 -> 0 | J37: =B!AI111 -> 0 | K37: =B!AI135 -> 0 | L37: =B!AI159 -> 0 | M37: =B!AI183 -> 0 | N37: =B!AI207 -> 0 | O37: =B!AI231 -> 0 | P37: =B!AI255 -> 0 | Q37: =B!AI279 -> 0 | R37: =SUM(F37+G37+H37+I37+J37+K37+L37+M37+N37+O37+P37+Q37) -> 0 | S37: =SUM(E37-R37) -> 0 | U37: =B!AH15 -> 0 | V37: =B!AH39 -> 0 | W37: =B!AH63 -> 0 | X37: =B!AH87 -> 0 | Y37: =B!AH111 -> 0 | Z37: =B!AH135 -> 0 | AA37: =B!AH159 -> 0 | AB37: =B!AH183 -> 0 | AC37: =B!AH207 -> 0 | AD37: =B!AH231 -> 0 | AE37: =B!AH255 -> 0 | AF37: =B!AH279 -> 0 | AG37: =SUM(U37+V37+W37+X37+Y37+Z37+AA37+AB37+AC37+AD37+AE37+AF37) -> 0 | AH37: =SUM(16-AG37) -> 16
A38: Név13 | E38: =SUM(B38:D38) -> 0 | F38: =B!AI16 -> 0 | G38: =B!AI40 -> 0 | H38: =B!AI64 -> 0 | I38: =B!AI88 -> 0 | J38: =B!AI112 -> 0 | K38: =B!AI136 -> 0 | L38: =B!AI160 -> 0 | M38: =B!AI184 -> 0 | N38: =B!AI208 -> 0 | O38: =B!AI232 -> 0 | P38: =B!AI256 -> 0 | Q38: =B!AI280 -> 0 | R38: =SUM(F38+G38+H38+I38+J38+K38+L38+M38+N38+O38+P38+Q38) -> 0 | S38: =SUM(E38-R38) -> 0 | U38: =B!AH16 -> 0 | V38: =B!AH40 -> 0 | W38: =B!AH64 -> 0 | X38: =B!AH88 -> 0 | Y38: =B!AH112 -> 0 | Z38: =B!AH136 -> 0 | AA38: =B!AH160 -> 0 | AB38: =B!AH184 -> 0 | AC38: =B!AH208 -> 0 | AD38: =B!AH232 -> 0 | AE38: =B!AH256 -> 0 | AF38: =B!AH280 -> 0 | AG38: =SUM(U38+V38+W38+X38+Y38+Z38+AA38+AB38+AC38+AD38+AE38+AF38) -> 0 | AH38: =SUM(16-AG38) -> 16
A39: Név14 | E39: =SUM(B39:D39) -> 0 | F39: =B!AI17 -> 0 | G39: =B!AI41 -> 0 | H39: =B!AI65 -> 0 | I39: =B!AI89 -> 0 | J39: =B!AI113 -> 0 | K39: =B!AI137 -> 0 | L39: =B!AI161 -> 0 | M39: =B!AI185 -> 0 | N39: =B!AI209 -> 0 | O39: =B!AI233 -> 0 | P39: =B!AI257 -> 0 | Q39: =B!AI281 -> 0 | R39: =SUM(F39+G39+H39+I39+J39+K39+L39+M39+N39+O39+P39+Q39) -> 0 | S39: =SUM(E39-R39) -> 0 | U39: =B!AH17 -> 0 | V39: =B!AH41 -> 0 | W39: =B!AH65 -> 0 | X39: =B!AH89 -> 0 | Y39: =B!AH113 -> 0 | Z39: =B!AH137 -> 0 | AA39: =B!AH161 -> 0 | AB39: =B!AH185 -> 0 | AC39: =B!AH209 -> 0 | AD39: =B!AH233 -> 0 | AE39: =B!AH257 -> 0 | AF39: =B!AH281 -> 0 | AG39: =SUM(U39+V39+W39+X39+Y39+Z39+AA39+AB39+AC39+AD39+AE39+AF39) -> 0 | AH39: =SUM(16-AG39) -> 16
A40: Név15 | E40: =SUM(B40:D40) -> 0 | F40: =B!AI18 -> 0 | G40: =B!AI42 -> 0 | H40: =B!AI66 -> 0 | I40: =B!AI90 -> 0 | J40: =B!AI114 -> 0 | K40: =B!AI138 -> 0 | L40: =B!AI162 -> 0 | M40: =B!AI186 -> 0 | N40: =B!AI210 -> 0 | O40: =B!AI234 -> 0 | P40: =B!AI258 -> 0 | Q40: =B!AI282 -> 0 | R40: =SUM(F40+G40+H40+I40+J40+K40+L40+M40+N40+O40+P40+Q40) -> 0 | S40: =SUM(E40-R40) -> 0 | U40: =B!AH18 -> 0 | V40: =B!AH42 -> 0 | W40: =B!AH66 -> 0 | X40: =B!AH90 -> 0 | Y40: =B!AH114 -> 0 | Z40: =B!AH138 -> 0 | AA40: =B!AH162 -> 0 | AB40: =B!AH186 -> 0 | AC40: =B!AH210 -> 0 | AD40: =B!AH234 -> 0 | AE40: =B!AH258 -> 0 | AF40: =B!AH282 -> 0 | AG40: =SUM(U40+V40+W40+X40+Y40+Z40+AA40+AB40+AC40+AD40+AE40+AF40) -> 0 | AH40: =SUM(16-AG40) -> 16
A41: Név16 | E41: =SUM(B41:D41) -> 0 | F41: =B!AI19 -> 0 | G41: =B!AI43 -> 0 | H41: =B!AI67 -> 0 | I41: =B!AI91 -> 0 | J41: =B!AI115 -> 0 | K41: =B!AI139 -> 0 | L41: =B!AI163 -> 0 | M41: =B!AI187 -> 0 | N41: =B!AI211 -> 0 | O41: =B!AI235 -> 0 | P41: =B!AI259 -> 0 | Q41: =B!AI283 -> 0 | R41: =SUM(F41+G41+H41+I41+J41+K41+L41+M41+N41+O41+P41+Q41) -> 0 | S41: =SUM(E41-R41) -> 0 | U41: =B!AH19 -> 0 | V41: =B!AH43 -> 0 | W41: =B!AH67 -> 0 | X41: =B!AH91 -> 0 | Y41: =B!AH115 -> 0 | Z41: =B!AH139 -> 0 | AA41: =B!AH163 -> 0 | AB41: =B!AH187 -> 0 | AC41: =B!AH211 -> 0 | AD41: =B!AH235 -> 0 | AE41: =B!AH259 -> 0 | AF41: =B!AH283 -> 0 | AG41: =SUM(U41+V41+W41+X41+Y41+Z41+AA41+AB41+AC41+AD41+AE41+AF41) -> 0 | AH41: =SUM(16-AG41) -> 16
A42: Név17 | E42: =SUM(B42:D42) -> 0 | F42: =B!AI20 -> 0 | G42: =B!AI44 -> 0 | H42: =B!AI68 -> 0 | I42: =B!AI92 -> 0 | J42: =B!AI116 -> 0 | K42: =B!AI140 -> 0 | L42: =B!AI164 -> 0 | M42: =B!AI188 -> 0 | N42: =B!AI212 -> 0 | O42: =B!AI236 -> 0 | P42: =B!AI260 -> 0 | Q42: =B!AI284 -> 0 | R42: =SUM(F42+G42+H42+I42+J42+K42+L42+M42+N42+O42+P42+Q42) -> 0 | S42: =SUM(E42-R42) -> 0 | U42: =B!AH20 -> 0 | V42: =B!AH44 -> 0 | W42: =B!AH68 -> 0 | X42: =B!AH92 -> 0 | Y42: =B!AH116 -> 0 | Z42: =B!AH140 -> 0 | AA42: =B!AH164 -> 0 | AB42: =B!AH188 -> 0 | AC42: =B!AH212 -> 0 | AD42: =B!AH236 -> 0 | AE42: =B!AH260 -> 0 | AF42: =B!AH284 -> 0 | AG42: =SUM(U42+V42+W42+X42+Y42+Z42+AA42+AB42+AC42+AD42+AE42+AF42) -> 0 | AH42: =SUM(16-AG42) -> 16
A43: Név18 | E43: =SUM(B43:D43) -> 0 | F43: =B!AI21 -> 0 | G43: =B!AI45 -> 0 | H43: =B!AI69 -> 0 | I43: =B!AI93 -> 0 | J43: =B!AI117 -> 0 | K43: =B!AI141 -> 0 | L43: =B!AI165 -> 0 | M43: =B!AI189 -> 0 | N43: =B!AI213 -> 0 | O43: =B!AI237 -> 0 | P43: =B!AI261 -> 0 | Q43: =B!AI285 -> 0 | R43: =SUM(F43+G43+H43+I43+J43+K43+L43+M43+N43+O43+P43+Q43) -> 0 | S43: =SUM(E43-R43) -> 0 | U43: =B!AH21 -> 0 | V43: =B!AH45 -> 0 | W43: =B!AH69 -> 0 | X43: =B!AH93 -> 0 | Y43: =B!AH117 -> 0 | Z43: =B!AH141 -> 0 | AA43: =B!AH165 -> 0 | AB43: =B!AH189 -> 0 | AC43: =B!AH213 -> 0 | AD43: =B!AH237 -> 0 | AE43: =B!AH261 -> 0 | AF43: =B!AH285 -> 0 | AG43: =SUM(U43+V43+W43+X43+Y43+Z43+AA43+AB43+AC43+AD43+AE43+AF43) -> 0 | AH43: =SUM(16-AG43) -> 16
A44: Név19 | E44: =SUM(B44:D44) -> 0 | F44: =B!AI22 -> 0 | G44: =B!AI46 -> 0 | H44: =B!AI70 -> 0 | I44: =B!AI94 -> 0 | J44: =B!AI118 -> 0 | K44: =B!AI142 -> 0 | L44: =B!AI166 -> 0 | M44: =B!AI190 -> 0 | N44: =B!AI214 -> 0 | O44: =B!AI238 -> 0 | P44: =B!AI262 -> 0 | Q44: =B!AI286 -> 0 | R44: =SUM(F44+G44+H44+I44+J44+K44+L44+M44+N44+O44+P44+Q44) -> 0 | S44: =SUM(E44-R44) -> 0 | U44: =B!AH22 -> 0 | V44: =B!AH46 -> 0 | W44: =B!AH70 -> 0 | X44: =B!AH94 -> 0 | Y44: =B!AH118 -> 0 | Z44: =B!AH142 -> 0 | AA44: =B!AH166 -> 0 | AB44: =B!AH190 -> 0 | AC44: =B!AH214 -> 0 | AD44: =B!AH238 -> 0 | AE44: =B!AH262 -> 0 | AF44: =B!AH286 -> 0 | AG44: =SUM(U44+V44+W44+X44+Y44+Z44+AA44+AB44+AC44+AD44+AE44+AF44) -> 0 | AH44: =SUM(16-AG44) -> 16
A45: Név20 | E45: =SUM(B45:D45) -> 0 | F45: =B!AI23 -> 0 | G45: =B!AI47 -> 0 | H45: =B!AI71 -> 0 | I45: =B!AI95 -> 0 | J45: =B!AI119 -> 0 | K45: =B!AI143 -> 0 | L45: =B!AI167 -> 0 | M45: =B!AI191 -> 0 | N45: =B!AI215 -> 0 | O45: =B!AI239 -> 0 | P45: =B!AI263 -> 0 | Q45: =B!AI287 -> 0 | R45: =SUM(F45+G45+H45+I45+J45+K45+L45+M45+N45+O45+P45+Q45) -> 0 | S45: =SUM(E45-R45) -> 0 | U45: =B!AH23 -> 0 | V45: =B!AH47 -> 0 | W45: =B!AH71 -> 0 | X45: =B!AH95 -> 0 | Y45: =B!AH119 -> 0 | Z45: =B!AH143 -> 0 | AA45: =B!AH167 -> 0 | AB45: =B!AH191 -> 0 | AC45: =B!AH215 -> 0 | AD45: =B!AH239 -> 0 | AE45: =B!AH263 -> 0 | AF45: =B!AH287 -> 0 | AG45: =SUM(U45+V45+W45+X45+Y45+Z45+AA45+AB45+AC45+AD45+AE45+AF45) -> 0 | AH45: =SUM(16-AG45) -> 16
A47: N é v | B47: Áth. | C47: Gye-rek | D47: 2021 | E47: Össz. | F47: I. | G47: II. | H47: III. | I47: IV. | J47: V. | K47: VI. | L47: VII | M47: VIII | N47: IX | O47: X | P47: XI | Q47: XII | R47: Szf | S47: M. | U47: I. | V47: II | W47: III | X47: IV | Y47: V | Z47: VI | AA47: VII | AB47: VIII | AC47: IX | AD47: X | AE47: XI | AF47: XII | AG47: + | AH47: M.
F48: szf | G48: szf | H48: szf | I48: szf | J48: szf | K48: szf | L48: szf | M48: szf | N48: szf | O48: szf | P48: szf | Q48: szf | S48: szf | U48: + | V48: + | W48: + | X48: + | Y48: + | Z48: + | AA48: + | AB48: + | AC48: + | AD48: + | AE48: + | AF48: + | AH48: +
A49: Kuik-Filep András | E49: =SUM(B49:D49) -> 0 | F49: ='C'!AI4 -> 0 | G49: ='C'!AI28 -> 0 | H49: ='C'!AI52 -> 0 | I49: ='C'!AI76 -> 0 | J49: ='C'!AI100 -> 0 | K49: ='C'!AI124 -> 0 | L49: ='C'!AI148 -> 0 | M49: ='C'!AI172 -> 0 | N49: ='C'!AI196 -> 0 | O49: ='C'!AI220 -> 0 | P49: ='C'!AI244 -> 0 | Q49: ='C'!AI268 -> 0 | R49: =SUM(F49+G49+H49+I49+J49+K49+L49+M49+N49+O49+P49+Q49) -> 0 | S49: =SUM(E49-R49) -> 0 | U49: ='C'!AH4 -> 0 | V49: ='C'!AH28 -> 0 | W49: ='C'!AH52 -> 0 | X49: ='C'!AH76 -> 0 | Y49: ='C'!AH100 -> 0 | Z49: ='C'!AH124 -> 0 | AA49: ='C'!AH148 -> 0 | AB49: ='C'!AH172 -> 0 | AC49: ='C'!AH196 -> 0 | AD49: ='C'!AH220 -> 0 | AE49: ='C'!AH244 -> 0 | AF49: ='C'!AH268 -> 0 | AG49: =SUM(U49+V49+W49+X49+Y49+Z49+AA49+AB49+AC49+AD49+AE49+AF49) -> 0 | AH49: =SUM(16-AG49) -> 16
A50: Balogh Zsolt | D50: 30 | E50: =SUM(B50:D50) -> 30 | F50: ='C'!AI5 -> 0 | G50: ='C'!AI29 -> 0 | H50: ='C'!AI53 -> 0 | I50: ='C'!AI77 -> 0 | J50: ='C'!AI101 -> 0 | K50: ='C'!AI125 -> 0 | L50: ='C'!AI149 -> 0 | M50: ='C'!AI173 -> 0 | N50: ='C'!AI197 -> 0 | O50: ='C'!AI221 -> 0 | P50: ='C'!AI245 -> 0 | Q50: ='C'!AI269 -> 0 | R50: =SUM(F50+G50+H50+I50+J50+K50+L50+M50+N50+O50+P50+Q50) -> 0 | S50: =SUM(E50-R50) -> 30 | U50: ='C'!AH5 -> 0 | V50: ='C'!AH29 -> 0 | W50: ='C'!AH53 -> 0 | X50: ='C'!AH77 -> 0 | Y50: ='C'!AH101 -> 0 | Z50: ='C'!AH125 -> 0 | AA50: ='C'!AH149 -> 0 | AB50: ='C'!AH173 -> 0 | AC50: ='C'!AH197 -> 0 | AD50: ='C'!AH221 -> 0 | AE50: ='C'!AH245 -> 0 | AF50: ='C'!AH269 -> 0 | AG50: =SUM(U50+V50+W50+X50+Y50+Z50+AA50+AB50+AC50+AD50+AE50+AF50) -> 0 | AH50: =SUM(16-AG50) -> 16
A51: Éliás Viktor | E51: =SUM(B51:D51) -> 0 | F51: ='C'!AI6 -> 0 | G51: ='C'!AI30 -> 0 | H51: ='C'!AI54 -> 0 | I51: ='C'!AI78 -> 0 | J51: ='C'!AI102 -> 0 | K51: ='C'!AI126 -> 0 | L51: ='C'!AI150 -> 0 | M51: ='C'!AI174 -> 0 | N51: ='C'!AI198 -> 0 | O51: ='C'!AI222 -> 0 | P51: ='C'!AI246 -> 0 | Q51: ='C'!AI270 -> 0 | R51: =SUM(F51+G51+H51+I51+J51+K51+L51+M51+N51+O51+P51+Q51) -> 0 | S51: =SUM(E51-R51) -> 0 | U51: ='C'!AH6 -> 0 | V51: ='C'!AH30 -> 0 | W51: ='C'!AH54 -> 0 | X51: ='C'!AH78 -> 0 | Y51: ='C'!AH102 -> 0 | Z51: ='C'!AH126 -> 0 | AA51: ='C'!AH150 -> 0 | AB51: ='C'!AH174 -> 0 | AC51: ='C'!AH198 -> 0 | AD51: ='C'!AH222 -> 0 | AE51: ='C'!AH246 -> 0 | AF51: ='C'!AH270 -> 0 | AG51: =SUM(U51+V51+W51+X51+Y51+Z51+AA51+AB51+AC51+AD51+AE51+AF51) -> 0 | AH51: =SUM(16-AG51) -> 16
A52: Hadházi Kálmán | D52: 30 | E52: =SUM(B52:D52) -> 30 | F52: ='C'!AI7 -> 0 | G52: ='C'!AI31 -> 0 | H52: ='C'!AI55 -> 0 | I52: ='C'!AI79 -> 0 | J52: ='C'!AI103 -> 0 | K52: ='C'!AI127 -> 0 | L52: ='C'!AI151 -> 0 | M52: ='C'!AI175 -> 0 | N52: ='C'!AI199 -> 0 | O52: ='C'!AI223 -> 0 | P52: ='C'!AI247 -> 0 | Q52: ='C'!AI271 -> 0 | R52: =SUM(F52+G52+H52+I52+J52+K52+L52+M52+N52+O52+P52+Q52) -> 0 | S52: =SUM(E52-R52) -> 30 | U52: ='C'!AH7 -> 1 | V52: ='C'!AH31 -> 0 | W52: ='C'!AH55 -> 0 | X52: ='C'!AH79 -> 0 | Y52: ='C'!AH103 -> 0 | Z52: ='C'!AH127 -> 0 | AA52: ='C'!AH151 -> 0 | AB52: ='C'!AH175 -> 0 | AC52: ='C'!AH199 -> 0 | AD52: ='C'!AH223 -> 0 | AE52: ='C'!AH247 -> 0 | AF52: ='C'!AH271 -> 0 | AG52: =SUM(U52+V52+W52+X52+Y52+Z52+AA52+AB52+AC52+AD52+AE52+AF52) -> 1 | AH52: =SUM(16-AG52) -> 15
A53: Kiss Attila | E53: =SUM(B53:D53) -> 0 | F53: ='C'!AI8 -> 0 | G53: ='C'!AI32 -> 0 | H53: ='C'!AI56 -> 0 | I53: ='C'!AI80 -> 0 | J53: ='C'!AI104 -> 0 | K53: ='C'!AI128 -> 0 | L53: ='C'!AI152 -> 0 | M53: ='C'!AI176 -> 0 | N53: ='C'!AI200 -> 0 | O53: ='C'!AI224 -> 0 | P53: ='C'!AI248 -> 0 | Q53: ='C'!AI272 -> 0 | R53: =SUM(F53+G53+H53+I53+J53+K53+L53+M53+N53+O53+P53+Q53) -> 0 | S53: =SUM(E53-R53) -> 0 | U53: ='C'!AH8 -> 0 | V53: ='C'!AH32 -> 0 | W53: ='C'!AH56 -> 0 | X53: ='C'!AH80 -> 0 | Y53: ='C'!AH104 -> 0 | Z53: ='C'!AH128 -> 0 | AA53: ='C'!AH152 -> 0 | AB53: ='C'!AH176 -> 0 | AC53: ='C'!AH200 -> 0 | AD53: ='C'!AH224 -> 0 | AE53: ='C'!AH248 -> 0 | AF53: ='C'!AH272 -> 0 | AG53: =SUM(U53+V53+W53+X53+Y53+Z53+AA53+AB53+AC53+AD53+AE53+AF53) -> 0 | AH53: =SUM(16-AG53) -> 16
A54: Serestyén Dániel | E54: =SUM(B54:D54) -> 0 | F54: ='C'!AI9 -> 0 | G54: ='C'!AI33 -> 0 | H54: ='C'!AI57 -> 0 | I54: ='C'!AI81 -> 0 | J54: ='C'!AI105 -> 0 | K54: ='C'!AI129 -> 0 | L54: ='C'!AI153 -> 0 | M54: ='C'!AI177 -> 0 | N54: ='C'!AI201 -> 0 | O54: ='C'!AI225 -> 0 | P54: ='C'!AI249 -> 0 | Q54: ='C'!AI273 -> 0 | R54: =SUM(F54+G54+H54+I54+J54+K54+L54+M54+N54+O54+P54+Q54) -> 0 | S54: =SUM(E54-R54) -> 0 | U54: ='C'!AH9 -> 0 | V54: ='C'!AH33 -> 0 | W54: ='C'!AH57 -> 0 | X54: ='C'!AH81 -> 0 | Y54: ='C'!AH105 -> 0 | Z54: ='C'!AH129 -> 0 | AA54: ='C'!AH153 -> 0 | AB54: ='C'!AH177 -> 0 | AC54: ='C'!AH201 -> 0 | AD54: ='C'!AH225 -> 0 | AE54: ='C'!AH249 -> 0 | AF54: ='C'!AH273 -> 0 | AG54: =SUM(U54+V54+W54+X54+Y54+Z54+AA54+AB54+AC54+AD54+AE54+AF54) -> 0 | AH54: =SUM(16-AG54) -> 16
A55: Varga Imre | E55: =SUM(B55:D55) -> 0 | F55: ='C'!AI10 -> 1 | G55: ='C'!AI34 -> 0 | H55: ='C'!AI58 -> 0 | I55: ='C'!AI82 -> 0 | J55: ='C'!AI106 -> 0 | K55: ='C'!AI130 -> 0 | L55: ='C'!AI154 -> 0 | M55: ='C'!AI178 -> 0 | N55: ='C'!AI202 -> 0 | O55: ='C'!AI226 -> 0 | P55: ='C'!AI250 -> 0 | Q55: ='C'!AI274 -> 0 | R55: =SUM(F55+G55+H55+I55+J55+K55+L55+M55+N55+O55+P55+Q55) -> 1 | S55: =SUM(E55-R55) -> -1 | U55: ='C'!AH10 -> 1 | V55: ='C'!AH34 -> 0 | W55: ='C'!AH58 -> 0 | X55: ='C'!AH82 -> 0 | Y55: ='C'!AH106 -> 0 | Z55: ='C'!AH130 -> 0 | AA55: ='C'!AH154 -> 0 | AB55: ='C'!AH178 -> 0 | AC55: ='C'!AH202 -> 0 | AD55: ='C'!AH226 -> 0 | AE55: ='C'!AH250 -> 0 | AF55: ='C'!AH274 -> 0 | AG55: =SUM(U55+V55+W55+X55+Y55+Z55+AA55+AB55+AC55+AD55+AE55+AF55) -> 1 | AH55: =SUM(16-AG55) -> 15
A56: Név8 | E56: =SUM(B56:D56) -> 0 | F56: ='C'!AI11 -> 0 | G56: ='C'!AI35 -> 0 | H56: ='C'!AI59 -> 0 | I56: ='C'!AI83 -> 0 | J56: ='C'!AI107 -> 0 | K56: ='C'!AI131 -> 0 | L56: ='C'!AI155 -> 0 | M56: ='C'!AI179 -> 0 | N56: ='C'!AI203 -> 0 | O56: ='C'!AI227 -> 0 | P56: ='C'!AI251 -> 0 | Q56: ='C'!AI275 -> 0 | R56: =SUM(F56+G56+H56+I56+J56+K56+L56+M56+N56+O56+P56+Q56) -> 0 | S56: =SUM(E56-R56) -> 0 | U56: ='C'!AH11 -> 0 | V56: ='C'!AH35 -> 0 | W56: ='C'!AH59 -> 0 | X56: ='C'!AH83 -> 0 | Y56: ='C'!AH107 -> 0 | Z56: ='C'!AH131 -> 0 | AA56: ='C'!AH155 -> 0 | AB56: ='C'!AH179 -> 0 | AC56: ='C'!AH203 -> 0 | AD56: ='C'!AH227 -> 0 | AE56: ='C'!AH251 -> 0 | AF56: ='C'!AH275 -> 0 | AG56: =SUM(U56+V56+W56+X56+Y56+Z56+AA56+AB56+AC56+AD56+AE56+AF56) -> 0 | AH56: =SUM(16-AG56) -> 16
A57: Név9 | E57: =SUM(B57:D57) -> 0 | F57: ='C'!AI12 -> 0 | G57: ='C'!AI36 -> 0 | H57: ='C'!AI60 -> 0 | I57: ='C'!AI84 -> 0 | J57: ='C'!AI108 -> 0 | K57: ='C'!AI132 -> 0 | L57: ='C'!AI156 -> 0 | M57: ='C'!AI180 -> 0 | N57: ='C'!AI204 -> 0 | O57: ='C'!AI228 -> 0 | P57: ='C'!AI252 -> 0 | Q57: ='C'!AI276 -> 0 | R57: =SUM(F57+G57+H57+I57+J57+K57+L57+M57+N57+O57+P57+Q57) -> 0 | S57: =SUM(E57-R57) -> 0 | U57: ='C'!AH12 -> 0 | V57: ='C'!AH36 -> 0 | W57: ='C'!AH60 -> 0 | X57: ='C'!AH84 -> 0 | Y57: ='C'!AH108 -> 0 | Z57: ='C'!AH132 -> 0 | AA57: ='C'!AH156 -> 0 | AB57: ='C'!AH180 -> 0 | AC57: ='C'!AH204 -> 0 | AD57: ='C'!AH228 -> 0 | AE57: ='C'!AH252 -> 0 | AF57: ='C'!AH276 -> 0 | AG57: =SUM(U57+V57+W57+X57+Y57+Z57+AA57+AB57+AC57+AD57+AE57+AF57) -> 0 | AH57: =SUM(16-AG57) -> 16
A58: Név10 | E58: =SUM(B58:D58) -> 0 | F58: ='C'!AI13 -> 0 | G58: ='C'!AI37 -> 0 | H58: ='C'!AI61 -> 0 | I58: ='C'!AI85 -> 0 | J58: ='C'!AI109 -> 0 | K58: ='C'!AI133 -> 0 | L58: ='C'!AI157 -> 0 | M58: ='C'!AI181 -> 0 | N58: ='C'!AI205 -> 0 | O58: ='C'!AI229 -> 0 | P58: ='C'!AI253 -> 0 | Q58: ='C'!AI277 -> 0 | R58: =SUM(F58+G58+H58+I58+J58+K58+L58+M58+N58+O58+P58+Q58) -> 0 | S58: =SUM(E58-R58) -> 0 | U58: ='C'!AH13 -> 0 | V58: ='C'!AH37 -> 0 | W58: ='C'!AH61 -> 0 | X58: ='C'!AH85 -> 0 | Y58: ='C'!AH109 -> 0 | Z58: ='C'!AH133 -> 0 | AA58: ='C'!AH157 -> 0 | AB58: ='C'!AH181 -> 0 | AC58: ='C'!AH205 -> 0 | AD58: ='C'!AH229 -> 0 | AE58: ='C'!AH253 -> 0 | AF58: ='C'!AH277 -> 0 | AG58: =SUM(U58+V58+W58+X58+Y58+Z58+AA58+AB58+AC58+AD58+AE58+AF58) -> 0 | AH58: =SUM(16-AG58) -> 16
A59: Név11 | E59: =SUM(B59:D59) -> 0 | G59: ='C'!AI38 -> 0 | H59: ='C'!AI62 -> 0 | I59: ='C'!AI86 -> 0 | J59: ='C'!AI110 -> 0 | K59: ='C'!AI134 -> 0 | L59: ='C'!AI158 -> 0 | M59: ='C'!AI182 -> 0 | N59: ='C'!AI206 -> 0 | O59: ='C'!AI230 -> 0 | P59: ='C'!AI254 -> 0 | Q59: ='C'!AI278 -> 0 | R59: =SUM(F59+G59+H59+I59+J59+K59+L59+M59+N59+O59+P59+Q59) -> 0 | S59: =SUM(E59-R59) -> 0 | U59: ='C'!AH14 -> 0 | V59: ='C'!AH38 -> 0 | W59: ='C'!AH62 -> 0 | X59: ='C'!AH86 -> 0 | Y59: ='C'!AH110 -> 0 | Z59: ='C'!AH134 -> 0 | AA59: ='C'!AH158 -> 0 | AB59: ='C'!AH182 -> 0 | AC59: ='C'!AH206 -> 0 | AD59: ='C'!AH230 -> 0 | AE59: ='C'!AH254 -> 0 | AF59: ='C'!AH278 -> 0 | AG59: =SUM(U59+V59+W59+X59+Y59+Z59+AA59+AB59+AC59+AD59+AE59+AF59) -> 0 | AH59: =SUM(16-AG59) -> 16
A60: Név12 | E60: =SUM(B60:D60) -> 0 | G60: ='C'!AI39 -> 0 | H60: ='C'!AI63 -> 0 | I60: ='C'!AI87 -> 0 | J60: ='C'!AI111 -> 0 | K60: ='C'!AI135 -> 0 | L60: ='C'!AI159 -> 0 | M60: ='C'!AI183 -> 0 | N60: ='C'!AI207 -> 0 | O60: ='C'!AI231 -> 0 | P60: ='C'!AI255 -> 0 | Q60: ='C'!AI279 -> 0 | R60: =SUM(F60+G60+H60+I60+J60+K60+L60+M60+N60+O60+P60+Q60) -> 0 | S60: =SUM(E60-R60) -> 0 | U60: ='C'!AH15 -> 0 | V60: ='C'!AH39 -> 0 | W60: ='C'!AH63 -> 0 | X60: ='C'!AH87 -> 0 | Y60: ='C'!AH111 -> 0 | Z60: ='C'!AH135 -> 0 | AA60: ='C'!AH159 -> 0 | AB60: ='C'!AH183 -> 0 | AC60: ='C'!AH207 -> 0 | AD60: ='C'!AH231 -> 0 | AE60: ='C'!AH255 -> 0 | AF60: ='C'!AH279 -> 0 | AG60: =SUM(U60+V60+W60+X60+Y60+Z60+AA60+AB60+AC60+AD60+AE60+AF60) -> 0 | AH60: =SUM(16-AG60) -> 16
A61: Név13 | E61: =SUM(B61:D61) -> 0 | G61: ='C'!AI40 -> 0 | H61: ='C'!AI64 -> 0 | I61: ='C'!AI88 -> 0 | J61: ='C'!AI112 -> 0 | K61: ='C'!AI136 -> 0 | L61: ='C'!AI160 -> 0 | M61: ='C'!AI184 -> 0 | N61: ='C'!AI208 -> 0 | O61: ='C'!AI232 -> 0 | P61: ='C'!AI256 -> 0 | Q61: ='C'!AI280 -> 0 | R61: =SUM(F61+G61+H61+I61+J61+K61+L61+M61+N61+O61+P61+Q61) -> 0 | S61: =SUM(E61-R61) -> 0 | U61: ='C'!AH16 -> 0 | V61: ='C'!AH40 -> 0 | W61: ='C'!AH64 -> 0 | X61: ='C'!AH88 -> 0 | Y61: ='C'!AH112 -> 0 | Z61: ='C'!AH136 -> 0 | AA61: ='C'!AH160 -> 0 | AB61: ='C'!AH184 -> 0 | AC61: ='C'!AH208 -> 0 | AD61: ='C'!AH232 -> 0 | AE61: ='C'!AH256 -> 0 | AF61: ='C'!AH280 -> 0 | AG61: =SUM(U61+V61+W61+X61+Y61+Z61+AA61+AB61+AC61+AD61+AE61+AF61) -> 0 | AH61: =SUM(16-AG61) -> 16
A62: Név14 | E62: =SUM(B62:D62) -> 0 | G62: ='C'!AI41 -> 0 | H62: ='C'!AI65 -> 0 | I62: ='C'!AI89 -> 0 | J62: ='C'!AI113 -> 0 | K62: ='C'!AI137 -> 0 | L62: ='C'!AI161 -> 0 | M62: ='C'!AI185 -> 0 | N62: ='C'!AI209 -> 0 | O62: ='C'!AI233 -> 0 | P62: ='C'!AI257 -> 0 | Q62: ='C'!AI281 -> 0 | R62: =SUM(F62+G62+H62+I62+J62+K62+L62+M62+N62+O62+P62+Q62) -> 0 | S62: =SUM(E62-R62) -> 0 | U62: ='C'!AH17 -> 0 | V62: ='C'!AH41 -> 0 | W62: ='C'!AH65 -> 0 | X62: ='C'!AH89 -> 0 | Y62: ='C'!AH113 -> 0 | Z62: ='C'!AH137 -> 0 | AA62: ='C'!AH161 -> 0 | AB62: ='C'!AH185 -> 0 | AC62: ='C'!AH209 -> 0 | AD62: ='C'!AH233 -> 0 | AE62: ='C'!AH257 -> 0 | AF62: ='C'!AH281 -> 0 | AG62: =SUM(U62+V62+W62+X62+Y62+Z62+AA62+AB62+AC62+AD62+AE62+AF62) -> 0 | AH62: =SUM(16-AG62) -> 16
A63: Név15 | E63: =SUM(B63:D63) -> 0 | G63: ='C'!AI42 -> 0 | H63: ='C'!AI66 -> 0 | I63: ='C'!AI90 -> 0 | J63: ='C'!AI114 -> 0 | K63: ='C'!AI138 -> 0 | L63: ='C'!AI162 -> 0 | M63: ='C'!AI186 -> 0 | N63: ='C'!AI210 -> 0 | O63: ='C'!AI234 -> 0 | P63: ='C'!AI258 -> 0 | Q63: ='C'!AI282 -> 0 | R63: =SUM(F63+G63+H63+I63+J63+K63+L63+M63+N63+O63+P63+Q63) -> 0 | S63: =SUM(E63-R63) -> 0 | U63: ='C'!AH18 -> 0 | V63: ='C'!AH42 -> 0 | W63: ='C'!AH66 -> 0 | X63: ='C'!AH90 -> 0 | Y63: ='C'!AH114 -> 0 | Z63: ='C'!AH138 -> 0 | AA63: ='C'!AH162 -> 0 | AB63: ='C'!AH186 -> 0 | AC63: ='C'!AH210 -> 0 | AD63: ='C'!AH234 -> 0 | AE63: ='C'!AH258 -> 0 | AF63: ='C'!AH282 -> 0 | AG63: =SUM(U63+V63+W63+X63+Y63+Z63+AA63+AB63+AC63+AD63+AE63+AF63) -> 0 | AH63: =SUM(16-AG63) -> 16
A64: Név16 | E64: =SUM(B64:D64) -> 0 | F64: ='C'!AI14 -> 0 | G64: ='C'!AI43 -> 0 | H64: ='C'!AI67 -> 0 | I64: ='C'!AI91 -> 0 | J64: ='C'!AI115 -> 0 | K64: ='C'!AI139 -> 0 | L64: ='C'!AI163 -> 0 | M64: ='C'!AI187 -> 0 | N64: ='C'!AI211 -> 0 | O64: ='C'!AI235 -> 0 | P64: ='C'!AI259 -> 0 | Q64: ='C'!AI283 -> 0 | R64: =SUM(F64+G64+H64+I64+J64+K64+L64+M64+N64+O64+P64+Q64) -> 0 | S64: =SUM(E64-R64) -> 0 | U64: ='C'!AH19 -> 0 | V64: ='C'!AH43 -> 0 | W64: ='C'!AH67 -> 0 | X64: ='C'!AH91 -> 0 | Y64: ='C'!AH115 -> 0 | Z64: ='C'!AH139 -> 0 | AA64: ='C'!AH163 -> 0 | AB64: ='C'!AH187 -> 0 | AC64: ='C'!AH211 -> 0 | AD64: ='C'!AH235 -> 0 | AE64: ='C'!AH259 -> 0 | AF64: ='C'!AH283 -> 0 | AG64: =SUM(U64+V64+W64+X64+Y64+Z64+AA64+AB64+AC64+AD64+AE64+AF64) -> 0 | AH64: =SUM(16-AG64) -> 16
A65: Név17 | E65: =SUM(B65:D65) -> 0 | F65: ='C'!AI15 -> 0 | G65: ='C'!AI44 -> 0 | H65: ='C'!AI68 -> 0 | I65: ='C'!AI92 -> 0 | J65: ='C'!AI116 -> 0 | K65: ='C'!AI140 -> 0 | L65: ='C'!AI164 -> 0 | M65: ='C'!AI188 -> 0 | N65: ='C'!AI212 -> 0 | O65: ='C'!AI236 -> 0 | P65: ='C'!AI260 -> 0 | Q65: ='C'!AI284 -> 0 | R65: =SUM(F65+G65+H65+I65+J65+K65+L65+M65+N65+O65+P65+Q65) -> 0 | S65: =SUM(E65-R65) -> 0 | U65: ='C'!AH20 -> 0 | V65: ='C'!AH44 -> 0 | W65: ='C'!AH68 -> 0 | X65: ='C'!AH92 -> 0 | Y65: ='C'!AH116 -> 0 | Z65: ='C'!AH140 -> 0 | AA65: ='C'!AH164 -> 0 | AB65: ='C'!AH188 -> 0 | AC65: ='C'!AH212 -> 0 | AD65: ='C'!AH236 -> 0 | AE65: ='C'!AH260 -> 0 | AF65: ='C'!AH284 -> 0 | AG65: =SUM(U65+V65+W65+X65+Y65+Z65+AA65+AB65+AC65+AD65+AE65+AF65) -> 0 | AH65: =SUM(16-AG65) -> 16
A66: Név18 | E66: =SUM(B66:D66) -> 0 | F66: ='C'!AI16 -> 0 | G66: ='C'!AI45 -> 0 | H66: ='C'!AI69 -> 0 | I66: ='C'!AI93 -> 0 | J66: ='C'!AI117 -> 0 | K66: ='C'!AI141 -> 0 | L66: ='C'!AI165 -> 0 | M66: ='C'!AI189 -> 0 | N66: ='C'!AI213 -> 0 | O66: ='C'!AI237 -> 0 | P66: ='C'!AI261 -> 0 | Q66: ='C'!AI285 -> 0 | R66: =SUM(F66+G66+H66+I66+J66+K66+L66+M66+N66+O66+P66+Q66) -> 0 | S66: =SUM(E66-R66) -> 0 | U66: ='C'!AH21 -> 0 | V66: ='C'!AH45 -> 0 | W66: ='C'!AH69 -> 0 | X66: ='C'!AH93 -> 0 | Y66: ='C'!AH117 -> 0 | Z66: ='C'!AH141 -> 0 | AA66: ='C'!AH165 -> 0 | AB66: ='C'!AH189 -> 0 | AC66: ='C'!AH213 -> 0 | AD66: ='C'!AH237 -> 0 | AE66: ='C'!AH261 -> 0 | AF66: ='C'!AH285 -> 0 | AG66: =SUM(U66+V66+W66+X66+Y66+Z66+AA66+AB66+AC66+AD66+AE66+AF66) -> 0 | AH66: =SUM(16-AG66) -> 16
A67: Név19 | E67: =SUM(B67:D67) -> 0 | F67: ='C'!AI17 -> 0 | G67: ='C'!AI46 -> 0 | H67: ='C'!AI70 -> 0 | I67: ='C'!AI94 -> 0 | J67: ='C'!AI118 -> 0 | K67: ='C'!AI142 -> 0 | L67: ='C'!AI166 -> 0 | M67: ='C'!AI190 -> 0 | N67: ='C'!AI214 -> 0 | O67: ='C'!AI238 -> 0 | P67: ='C'!AI262 -> 0 | Q67: ='C'!AI286 -> 0 | R67: =SUM(F67+G67+H67+I67+J67+K67+L67+M67+N67+O67+P67+Q67) -> 0 | S67: =SUM(E67-R67) -> 0 | U67: ='C'!AH22 -> 0 | V67: ='C'!AH46 -> 0 | W67: ='C'!AH70 -> 0 | X67: ='C'!AH94 -> 0 | Y67: ='C'!AH118 -> 0 | Z67: ='C'!AH142 -> 0 | AA67: ='C'!AH166 -> 0 | AB67: ='C'!AH190 -> 0 | AC67: ='C'!AH214 -> 0 | AD67: ='C'!AH238 -> 0 | AE67: ='C'!AH262 -> 0 | AF67: ='C'!AH286 -> 0 | AG67: =SUM(U67+V67+W67+X67+Y67+Z67+AA67+AB67+AC67+AD67+AE67+AF67) -> 0 | AH67: =SUM(16-AG67) -> 16
A68: Név20 | E68: =SUM(B68:D68) -> 0 | F68: ='C'!AI18 -> 0 | G68: ='C'!AI47 -> 0 | H68: ='C'!AI71 -> 0 | I68: ='C'!AI95 -> 0 | J68: ='C'!AI119 -> 0 | K68: ='C'!AI143 -> 0 | L68: ='C'!AI167 -> 0 | M68: ='C'!AI191 -> 0 | N68: ='C'!AI215 -> 0 | O68: ='C'!AI239 -> 0 | P68: ='C'!AI263 -> 0 | Q68: ='C'!AI287 -> 0 | R68: =SUM(F68+G68+H68+I68+J68+K68+L68+M68+N68+O68+P68+Q68) -> 0 | S68: =SUM(E68-R68) -> 0 | U68: ='C'!AH23 -> 0 | V68: ='C'!AH47 -> 0 | W68: ='C'!AH71 -> 0 | X68: ='C'!AH95 -> 0 | Y68: ='C'!AH119 -> 0 | Z68: ='C'!AH143 -> 0 | AA68: ='C'!AH167 -> 0 | AB68: ='C'!AH191 -> 0 | AC68: ='C'!AH215 -> 0 | AD68: ='C'!AH239 -> 0 | AE68: ='C'!AH263 -> 0 | AF68: ='C'!AH287 -> 0 | AG68: =SUM(U68+V68+W68+X68+Y68+Z68+AA68+AB68+AC68+AD68+AE68+AF68) -> 0 | AH68: =SUM(16-AG68) -> 16
A70: N é v | B70: Áth. | C70: Gye-rek | D70: 2021 | E70: Össz. | F70: I. | G70: II. | H70: III. | I70: IV. | J70: V. | K70: VI. | L70: VII | M70: VIII | N70: IX | O70: X | P70: XI | Q70: XII | R70: Szf | S70: M. | U70: I. | V70: II | W70: III | X70: IV | Y70: V | Z70: VI | AA70: VII | AB70: VIII | AC70: IX | AD70: X | AE70: XI | AF70: XII | AG70: + | AH70: M.
F71: szf | G71: szf | H71: szf | I71: szf | J71: szf | K71: szf | L71: szf | M71: szf | N71: szf | O71: szf | P71: szf | Q71: szf | S71: szf | U71: + | V71: + | W71: + | X71: + | Y71: + | Z71: + | AA71: + | AB71: + | AC71: + | AD71: + | AE71: + | AF71: + | AH71: +
A72: Daku Gábor | E72: =SUM(B72:D72) -> 0 | F72: =D!AI4 -> 0 | G72: =D!AI28 -> 0 | H72: =D!AI52 -> 0 | I72: =D!AI76 -> 0 | J72: =D!AI100 -> 0 | K72: =D!AI124 -> 0 | L72: =D!AI148 -> 0 | M72: =D!AI172 -> 0 | N72: =D!AI196 -> 0 | O72: =D!AI220 -> 0 | P72: =D!AI244 -> 0 | Q72: =D!AI268 -> 0 | R72: =SUM(F72+G72+H72+I72+J72+K72+L72+M72+N72+O72+P72+Q72) -> 0 | S72: =SUM(E72-R72) -> 0 | U72: =D!AH4 -> 1 | V72: =D!AH28 -> 0 | W72: =D!AH52 -> 0 | X72: =D!AH76 -> 0 | Y72: =D!AH100 -> 0 | Z72: =D!AH124 -> 0 | AA72: =D!AH148 -> 0 | AB72: =D!AH172 -> 0 | AC72: =D!AH196 -> 0 | AD72: =D!AH220 -> 0 | AE72: =D!AH244 -> 0 | AF72: =D!AH268 -> 0 | AG72: =SUM(U72+V72+W72+X72+Y72+Z72+AA72+AB72+AC72+AD72+AE72+AF72) -> 1 | AH72: =SUM(16-AG72) -> 15
A73: Borbély Csaba | E73: =SUM(B73:D73) -> 0 | F73: =D!AI5 -> 0 | G73: =D!AI29 -> 0 | H73: =D!AI53 -> 0 | I73: =D!AI77 -> 0 | J73: =D!AI101 -> 0 | K73: =D!AI125 -> 0 | L73: =D!AI149 -> 0 | M73: =D!AI173 -> 0 | N73: =D!AI197 -> 0 | O73: =D!AI221 -> 0 | P73: =D!AI245 -> 0 | Q73: =D!AI269 -> 0 | R73: =SUM(F73+G73+H73+I73+J73+K73+L73+M73+N73+O73+P73+Q73) -> 0 | S73: =SUM(E73-R73) -> 0 | U73: =D!AH5 -> 1 | V73: =D!AH29 -> 0 | W73: =D!AH53 -> 0 | X73: =D!AH77 -> 0 | Y73: =D!AH101 -> 0 | Z73: =D!AH125 -> 0 | AA73: =D!AH149 -> 0 | AB73: =D!AH173 -> 0 | AC73: =D!AH197 -> 0 | AD73: =D!AH221 -> 0 | AE73: =D!AH245 -> 0 | AF73: =D!AH269 -> 0 | AG73: =SUM(U73+V73+W73+X73+Y73+Z73+AA73+AB73+AC73+AD73+AE73+AF73) -> 1 | AH73: =SUM(16-AG73) -> 15
A74: Erdei Bálint | D74: 30 | E74: =SUM(B74:D74) -> 30 | F74: =D!AI6 -> 0 | G74: =D!AI30 -> 0 | H74: =D!AI54 -> 0 | I74: =D!AI78 -> 0 | J74: =D!AI102 -> 0 | K74: =D!AI126 -> 0 | L74: =D!AI150 -> 0 | M74: =D!AI174 -> 0 | N74: =D!AI198 -> 0 | O74: =D!AI222 -> 0 | P74: =D!AI246 -> 0 | Q74: =D!AI270 -> 0 | R74: =SUM(F74+G74+H74+I74+J74+K74+L74+M74+N74+O74+P74+Q74) -> 0 | S74: =SUM(E74-R74) -> 30 | U74: =D!AH6 -> 0 | V74: =D!AH30 -> 0 | W74: =D!AH54 -> 0 | X74: =D!AH78 -> 0 | Y74: =D!AH102 -> 0 | Z74: =D!AH126 -> 0 | AA74: =D!AH150 -> 0 | AB74: =D!AH174 -> 0 | AC74: =D!AH198 -> 0 | AD74: =D!AH222 -> 0 | AE74: =D!AH246 -> 0 | AF74: =D!AH270 -> 0 | AG74: =SUM(U74+V74+W74+X74+Y74+Z74+AA74+AB74+AC74+AD74+AE74+AF74) -> 0 | AH74: =SUM(16-AG74) -> 16
A75: Fábián Gábor | D75: 30 | E75: =SUM(B75:D75) -> 30 | F75: =D!AI7 -> 0 | G75: =D!AI31 -> 0 | H75: =D!AI55 -> 0 | I75: =D!AI79 -> 0 | J75: =D!AI103 -> 0 | K75: =D!AI127 -> 0 | L75: =D!AI151 -> 0 | M75: =D!AI175 -> 0 | N75: =D!AI199 -> 0 | O75: =D!AI223 -> 0 | P75: =D!AI247 -> 0 | Q75: =D!AI271 -> 0 | R75: =SUM(F75+G75+H75+I75+J75+K75+L75+M75+N75+O75+P75+Q75) -> 0 | S75: =SUM(E75-R75) -> 30 | U75: =D!AH7 -> 0 | V75: =D!AH31 -> 0 | W75: =D!AH55 -> 0 | X75: =D!AH79 -> 0 | Y75: =D!AH103 -> 0 | Z75: =D!AH127 -> 0 | AA75: =D!AH151 -> 0 | AB75: =D!AH175 -> 0 | AC75: =D!AH199 -> 0 | AD75: =D!AH223 -> 0 | AE75: =D!AH247 -> 0 | AF75: =D!AH271 -> 0 | AG75: =SUM(U75+V75+W75+X75+Y75+Z75+AA75+AB75+AC75+AD75+AE75+AF75) -> 0 | AH75: =SUM(16-AG75) -> 16
A76: Gellei Zsolt | E76: =SUM(B76:D76) -> 0 | F76: =D!AI8 -> 0 | G76: =D!AI32 -> 0 | H76: =D!AI56 -> 0 | I76: =D!AI80 -> 0 | J76: =D!AI104 -> 0 | K76: =D!AI128 -> 0 | L76: =D!AI152 -> 0 | M76: =D!AI176 -> 0 | N76: =D!AI200 -> 0 | O76: =D!AI224 -> 0 | P76: =D!AI248 -> 0 | Q76: =D!AI272 -> 0 | R76: =SUM(F76+G76+H76+I76+J76+K76+L76+M76+N76+O76+P76+Q76) -> 0 | S76: =SUM(E76-R76) -> 0 | U76: =D!AH8 -> 0 | V76: =D!AH32 -> 0 | W76: =D!AH56 -> 0 | X76: =D!AH80 -> 0 | Y76: =D!AH104 -> 0 | Z76: =D!AH128 -> 0 | AA76: =D!AH152 -> 0 | AB76: =D!AH176 -> 0 | AC76: =D!AH200 -> 0 | AD76: =D!AH224 -> 0 | AE76: =D!AH248 -> 0 | AF76: =D!AH272 -> 0 | AG76: =SUM(U76+V76+W76+X76+Y76+Z76+AA76+AB76+AC76+AD76+AE76+AF76) -> 0 | AH76: =SUM(16-AG76) -> 16
A77: Kiss Gyula | E77: =SUM(B77:D77) -> 0 | F77: =D!AI9 -> 0 | G77: =D!AI33 -> 0 | H77: =D!AI57 -> 0 | I77: =D!AI81 -> 0 | J77: =D!AI105 -> 0 | K77: =D!AI129 -> 0 | L77: =D!AI153 -> 0 | M77: =D!AI177 -> 0 | N77: =D!AI201 -> 0 | O77: =D!AI225 -> 0 | P77: =D!AI249 -> 0 | Q77: =D!AI273 -> 0 | R77: =SUM(F77+G77+H77+I77+J77+K77+L77+M77+N77+O77+P77+Q77) -> 0 | S77: =SUM(E77-R77) -> 0 | U77: =D!AH9 -> 0 | V77: =D!AH33 -> 0 | W77: =D!AH57 -> 0 | X77: =D!AH81 -> 0 | Y77: =D!AH105 -> 0 | Z77: =D!AH129 -> 0 | AA77: =D!AH153 -> 0 | AB77: =D!AH177 -> 0 | AC77: =D!AH201 -> 0 | AD77: =D!AH225 -> 0 | AE77: =D!AH249 -> 0 | AF77: =D!AH273 -> 0 | AG77: =SUM(U77+V77+W77+X77+Y77+Z77+AA77+AB77+AC77+AD77+AE77+AF77) -> 0 | AH77: =SUM(16-AG77) -> 16
A78: Nagy István | D78: 30 | E78: =SUM(B78:D78) -> 30 | F78: =D!AI10 -> 0 | G78: =D!AI34 -> 0 | H78: =D!AI58 -> 0 | I78: =D!AI82 -> 0 | J78: =D!AI106 -> 0 | K78: =D!AI130 -> 0 | L78: =D!AI154 -> 0 | M78: =D!AI178 -> 0 | N78: =D!AI202 -> 0 | O78: =D!AI226 -> 0 | P78: =D!AI250 -> 0 | Q78: =D!AI274 -> 0 | R78: =SUM(F78+G78+H78+I78+J78+K78+L78+M78+N78+O78+P78+Q78) -> 0 | S78: =SUM(E78-R78) -> 30 | U78: =D!AH10 -> 0 | V78: =D!AH34 -> 0 | W78: =D!AH58 -> 0 | X78: =D!AH82 -> 0 | Y78: =D!AH106 -> 0 | Z78: =D!AH130 -> 0 | AA78: =D!AH154 -> 0 | AB78: =D!AH178 -> 0 | AC78: =D!AH202 -> 0 | AD78: =D!AH226 -> 0 | AE78: =D!AH250 -> 0 | AF78: =D!AH274 -> 0 | AG78: =SUM(U78+V78+W78+X78+Y78+Z78+AA78+AB78+AC78+AD78+AE78+AF78) -> 0 | AH78: =SUM(16-AG78) -> 16
A79: Név8 | E79: =SUM(B79:D79) -> 0 | F79: =D!AI11 -> 0 | G79: =D!AI35 -> 0 | H79: =D!AI59 -> 0 | I79: =D!AI83 -> 0 | J79: =D!AI107 -> 0 | K79: =D!AI131 -> 0 | L79: =D!AI155 -> 0 | M79: =D!AI179 -> 0 | N79: =D!AI203 -> 0 | O79: =D!AI227 -> 0 | P79: =D!AI251 -> 0 | Q79: =D!AI275 -> 0 | R79: =SUM(F79+G79+H79+I79+J79+K79+L79+M79+N79+O79+P79+Q79) -> 0 | S79: =SUM(E79-R79) -> 0 | U79: =D!AH11 -> 0 | V79: =D!AH35 -> 0 | W79: =D!AH59 -> 0 | X79: =D!AH83 -> 0 | Y79: =D!AH107 -> 0 | Z79: =D!AH131 -> 0 | AA79: =D!AH155 -> 0 | AB79: =D!AH179 -> 0 | AC79: =D!AH203 -> 0 | AD79: =D!AH227 -> 0 | AE79: =D!AH251 -> 0 | AF79: =D!AH275 -> 0 | AG79: =SUM(U79+V79+W79+X79+Y79+Z79+AA79+AB79+AC79+AD79+AE79+AF79) -> 0 | AH79: =SUM(16-AG79) -> 16
A80: Név9 | E80: =SUM(B80:D80) -> 0 | F80: =D!AI12 -> 0 | G80: =D!AI36 -> 0 | H80: =D!AI60 -> 0 | I80: =D!AI84 -> 0 | J80: =D!AI108 -> 0 | K80: =D!AI132 -> 0 | L80: =D!AI156 -> 0 | M80: =D!AI180 -> 0 | N80: =D!AI204 -> 0 | O80: =D!AI228 -> 0 | P80: =D!AI252 -> 0 | Q80: =D!AI276 -> 0 | R80: =SUM(F80+G80+H80+I80+J80+K80+L80+M80+N80+O80+P80+Q80) -> 0 | S80: =SUM(E80-R80) -> 0 | U80: =D!AH12 -> 0 | V80: =D!AH36 -> 0 | W80: =D!AH60 -> 0 | X80: =D!AH84 -> 0 | Y80: =D!AH108 -> 0 | Z80: =D!AH132 -> 0 | AA80: =D!AH156 -> 0 | AB80: =D!AH180 -> 0 | AC80: =D!AH204 -> 0 | AD80: =D!AH228 -> 0 | AE80: =D!AH252 -> 0 | AF80: =D!AH276 -> 0 | AG80: =SUM(U80+V80+W80+X80+Y80+Z80+AA80+AB80+AC80+AD80+AE80+AF80) -> 0 | AH80: =SUM(16-AG80) -> 16
A81: Név10 | E81: =SUM(B81:D81) -> 0 | F81: =D!AI13 -> 0 | G81: =D!AI37 -> 0 | H81: =D!AI61 -> 0 | I81: =D!AI85 -> 0 | J81: =D!AI109 -> 0 | K81: =D!AI133 -> 0 | L81: =D!AI157 -> 0 | M81: =D!AI181 -> 0 | N81: =D!AI205 -> 0 | O81: =D!AI229 -> 0 | P81: =D!AI253 -> 0 | Q81: =D!AI277 -> 0 | R81: =SUM(F81+G81+H81+I81+J81+K81+L81+M81+N81+O81+P81+Q81) -> 0 | S81: =SUM(E81-R81) -> 0 | U81: =D!AH13 -> 0 | V81: =D!AH37 -> 0 | W81: =D!AH61 -> 0 | X81: =D!AH85 -> 0 | Y81: =D!AH109 -> 0 | Z81: =D!AH133 -> 0 | AA81: =D!AH157 -> 0 | AB81: =D!AH181 -> 0 | AC81: =D!AH205 -> 0 | AD81: =D!AH229 -> 0 | AE81: =D!AH253 -> 0 | AF81: =D!AH277 -> 0 | AG81: =SUM(U81+V81+W81+X81+Y81+Z81+AA81+AB81+AC81+AD81+AE81+AF81) -> 0 | AH81: =SUM(16-AG81) -> 16
A82: Név11 | E82: =SUM(B82:D82) -> 0 | F82: =D!AI14 -> 0 | G82: =D!AI38 -> 0 | H82: =D!AI62 -> 0 | I82: =D!AI86 -> 0 | J82: =D!AI110 -> 0 | K82: =D!AI134 -> 0 | L82: =D!AI158 -> 0 | M82: =D!AI182 -> 0 | N82: =D!AI206 -> 0 | O82: =D!AI230 -> 0 | P82: =D!AI254 -> 0 | Q82: =D!AI278 -> 0 | R82: =SUM(F82+G82+H82+I82+J82+K82+L82+M82+N82+O82+P82+Q82) -> 0 | S82: =SUM(E82-R82) -> 0 | U82: =D!AH14 -> 0 | V82: =D!AH38 -> 0 | W82: =D!AH62 -> 0 | X82: =D!AH86 -> 0 | Y82: =D!AH110 -> 0 | Z82: =D!AH134 -> 0 | AA82: =D!AH158 -> 0 | AB82: =D!AH182 -> 0 | AC82: =D!AH206 -> 0 | AD82: =D!AH230 -> 0 | AE82: =D!AH254 -> 0 | AF82: =D!AH278 -> 0 | AG82: =SUM(U82+V82+W82+X82+Y82+Z82+AA82+AB82+AC82+AD82+AE82+AF82) -> 0 | AH82: =SUM(16-AG82) -> 16
A83: Név12 | E83: =SUM(B83:D83) -> 0 | F83: =D!AI15 -> 0 | G83: =D!AI39 -> 0 | H83: =D!AI63 -> 0 | I83: =D!AI87 -> 0 | J83: =D!AI111 -> 0 | K83: =D!AI135 -> 0 | L83: =D!AI159 -> 0 | M83: =D!AI183 -> 0 | N83: =D!AI207 -> 0 | O83: =D!AI231 -> 0 | P83: =D!AI255 -> 0 | Q83: =D!AI279 -> 0 | R83: =SUM(F83+G83+H83+I83+J83+K83+L83+M83+N83+O83+P83+Q83) -> 0 | S83: =SUM(E83-R83) -> 0 | U83: =D!AH15 -> 0 | V83: =D!AH39 -> 0 | W83: =D!AH63 -> 0 | X83: =D!AH87 -> 0 | Y83: =D!AH111 -> 0 | Z83: =D!AH135 -> 0 | AA83: =D!AH159 -> 0 | AB83: =D!AH183 -> 0 | AC83: =D!AH207 -> 0 | AD83: =D!AH231 -> 0 | AE83: =D!AH255 -> 0 | AF83: =D!AH279 -> 0 | AG83: =SUM(U83+V83+W83+X83+Y83+Z83+AA83+AB83+AC83+AD83+AE83+AF83) -> 0 | AH83: =SUM(16-AG83) -> 16
A84: Név13 | E84: =SUM(B84:D84) -> 0 | F84: =D!AI16 -> 0 | G84: =D!AI40 -> 0 | H84: =D!AI64 -> 0 | I84: =D!AI88 -> 0 | J84: =D!AI112 -> 0 | K84: =D!AI136 -> 0 | L84: =D!AI160 -> 0 | M84: =D!AI184 -> 0 | N84: =D!AI208 -> 0 | O84: =D!AI232 -> 0 | P84: =D!AI256 -> 0 | Q84: =D!AI280 -> 0 | R84: =SUM(F84+G84+H84+I84+J84+K84+L84+M84+N84+O84+P84+Q84) -> 0 | S84: =SUM(E84-R84) -> 0 | U84: =D!AH16 -> 0 | V84: =D!AH40 -> 0 | W84: =D!AH64 -> 0 | X84: =D!AH88 -> 0 | Y84: =D!AH112 -> 0 | Z84: =D!AH136 -> 0 | AA84: =D!AH160 -> 0 | AB84: =D!AH184 -> 0 | AC84: =D!AH208 -> 0 | AD84: =D!AH232 -> 0 | AE84: =D!AH256 -> 0 | AF84: =D!AH280 -> 0 | AG84: =SUM(U84+V84+W84+X84+Y84+Z84+AA84+AB84+AC84+AD84+AE84+AF84) -> 0 | AH84: =SUM(16-AG84) -> 16
A85: Név14 | E85: =SUM(B85:D85) -> 0 | F85: =D!AI17 -> 0 | G85: =D!AI41 -> 0 | H85: =D!AI65 -> 0 | I85: =D!AI89 -> 0 | J85: =D!AI113 -> 0 | K85: =D!AI137 -> 0 | L85: =D!AI161 -> 0 | M85: =D!AI185 -> 0 | N85: =D!AI209 -> 0 | O85: =D!AI233 -> 0 | P85: =D!AI257 -> 0 | Q85: =D!AI281 -> 0 | R85: =SUM(F85+G85+H85+I85+J85+K85+L85+M85+N85+O85+P85+Q85) -> 0 | S85: =SUM(E85-R85) -> 0 | U85: =D!AH17 -> 0 | V85: =D!AH41 -> 0 | W85: =D!AH65 -> 0 | X85: =D!AH89 -> 0 | Y85: =D!AH113 -> 0 | Z85: =D!AH137 -> 0 | AA85: =D!AH161 -> 0 | AB85: =D!AH185 -> 0 | AC85: =D!AH209 -> 0 | AD85: =D!AH233 -> 0 | AE85: =D!AH257 -> 0 | AF85: =D!AH281 -> 0 | AG85: =SUM(U85+V85+W85+X85+Y85+Z85+AA85+AB85+AC85+AD85+AE85+AF85) -> 0 | AH85: =SUM(16-AG85) -> 16
A86: Név15 | E86: =SUM(B86:D86) -> 0 | F86: =D!AI18 -> 0 | G86: =D!AI42 -> 0 | H86: =D!AI66 -> 0 | I86: =D!AI90 -> 0 | J86: =D!AI114 -> 0 | K86: =D!AI138 -> 0 | L86: =D!AI162 -> 0 | M86: =D!AI186 -> 0 | N86: =D!AI210 -> 0 | O86: =D!AI234 -> 0 | P86: =D!AI258 -> 0 | Q86: =D!AI282 -> 0 | R86: =SUM(F86+G86+H86+I86+J86+K86+L86+M86+N86+O86+P86+Q86) -> 0 | S86: =SUM(E86-R86) -> 0 | U86: =D!AH18 -> 0 | V86: =D!AH42 -> 0 | W86: =D!AH66 -> 0 | X86: =D!AH90 -> 0 | Y86: =D!AH114 -> 0 | Z86: =D!AH138 -> 0 | AA86: =D!AH162 -> 0 | AB86: =D!AH186 -> 0 | AC86: =D!AH210 -> 0 | AD86: =D!AH234 -> 0 | AE86: =D!AH258 -> 0 | AF86: =D!AH282 -> 0 | AG86: =SUM(U86+V86+W86+X86+Y86+Z86+AA86+AB86+AC86+AD86+AE86+AF86) -> 0 | AH86: =SUM(16-AG86) -> 16
A87: Név16 | E87: =SUM(B87:D87) -> 0 | F87: =D!AI19 -> 0 | G87: =D!AI43 -> 0 | H87: =D!AI67 -> 0 | I87: =D!AI91 -> 0 | J87: =D!AI115 -> 0 | K87: =D!AI139 -> 0 | L87: =D!AI163 -> 0 | M87: =D!AI187 -> 0 | N87: =D!AI211 -> 0 | O87: =D!AI235 -> 0 | P87: =D!AI259 -> 0 | Q87: =D!AI283 -> 0 | R87: =SUM(F87+G87+H87+I87+J87+K87+L87+M87+N87+O87+P87+Q87) -> 0 | S87: =SUM(E87-R87) -> 0 | U87: =D!AH19 -> 0 | V87: =D!AH43 -> 0 | W87: =D!AH67 -> 0 | X87: =D!AH91 -> 0 | Y87: =D!AH115 -> 0 | Z87: =D!AH139 -> 0 | AA87: =D!AH163 -> 0 | AB87: =D!AH187 -> 0 | AC87: =D!AH211 -> 0 | AD87: =D!AH235 -> 0 | AE87: =D!AH259 -> 0 | AF87: =D!AH283 -> 0 | AG87: =SUM(U87+V87+W87+X87+Y87+Z87+AA87+AB87+AC87+AD87+AE87+AF87) -> 0 | AH87: =SUM(16-AG87) -> 16
A88: Név17 | E88: =SUM(B88:D88) -> 0 | F88: =D!AI20 -> 0 | G88: =D!AI44 -> 0 | H88: =D!AI68 -> 0 | I88: =D!AI92 -> 0 | J88: =D!AI116 -> 0 | K88: =D!AI140 -> 0 | L88: =D!AI164 -> 0 | M88: =D!AI188 -> 0 | N88: =D!AI212 -> 0 | O88: =D!AI236 -> 0 | P88: =D!AI260 -> 0 | Q88: =D!AI284 -> 0 | R88: =SUM(F88+G88+H88+I88+J88+K88+L88+M88+N88+O88+P88+Q88) -> 0 | S88: =SUM(E88-R88) -> 0 | U88: =D!AH20 -> 0 | V88: =D!AH44 -> 0 | W88: =D!AH68 -> 0 | X88: =D!AH92 -> 0 | Y88: =D!AH116 -> 0 | Z88: =D!AH140 -> 0 | AA88: =D!AH164 -> 0 | AB88: =D!AH188 -> 0 | AC88: =D!AH212 -> 0 | AD88: =D!AH236 -> 0 | AE88: =D!AH260 -> 0 | AF88: =D!AH284 -> 0 | AG88: =SUM(U88+V88+W88+X88+Y88+Z88+AA88+AB88+AC88+AD88+AE88+AF88) -> 0 | AH88: =SUM(16-AG88) -> 16
A89: Név18 | E89: =SUM(B89:D89) -> 0 | F89: =D!AI21 -> 0 | G89: =D!AI45 -> 0 | H89: =D!AI69 -> 0 | I89: =D!AI93 -> 0 | J89: =D!AI117 -> 0 | K89: =D!AI141 -> 0 | L89: =D!AI165 -> 0 | M89: =D!AI189 -> 0 | N89: =D!AI213 -> 0 | O89: =D!AI237 -> 0 | P89: =D!AI261 -> 0 | Q89: =D!AI285 -> 0 | R89: =SUM(F89+G89+H89+I89+J89+K89+L89+M89+N89+O89+P89+Q89) -> 0 | S89: =SUM(E89-R89) -> 0 | U89: =D!AH21 -> 0 | V89: =D!AH45 -> 0 | W89: =D!AH69 -> 0 | X89: =D!AH93 -> 0 | Y89: =D!AH117 -> 0 | Z89: =D!AH141 -> 0 | AA89: =D!AH165 -> 0 | AB89: =D!AH189 -> 0 | AC89: =D!AH213 -> 0 | AD89: =D!AH237 -> 0 | AE89: =D!AH261 -> 0 | AF89: =D!AH285 -> 0 | AG89: =SUM(U89+V89+W89+X89+Y89+Z89+AA89+AB89+AC89+AD89+AE89+AF89) -> 0 | AH89: =SUM(16-AG89) -> 16
A90: Név19 | E90: =SUM(B90:D90) -> 0 | F90: =D!AI22 -> 0 | G90: =D!AI46 -> 0 | H90: =D!AI70 -> 0 | I90: =D!AI94 -> 0 | J90: =D!AI118 -> 0 | K90: =D!AI142 -> 0 | L90: =D!AI166 -> 0 | M90: =D!AI190 -> 0 | N90: =D!AI214 -> 0 | O90: =D!AI238 -> 0 | P90: =D!AI262 -> 0 | Q90: =D!AI286 -> 0 | R90: =SUM(F90+G90+H90+I90+J90+K90+L90+M90+N90+O90+P90+Q90) -> 0 | S90: =SUM(E90-R90) -> 0 | U90: =D!AH22 -> 0 | V90: =D!AH46 -> 0 | W90: =D!AH70 -> 0 | X90: =D!AH94 -> 0 | Y90: =D!AH118 -> 0 | Z90: =D!AH142 -> 0 | AA90: =D!AH166 -> 0 | AB90: =D!AH190 -> 0 | AC90: =D!AH214 -> 0 | AD90: =D!AH238 -> 0 | AE90: =D!AH262 -> 0 | AF90: =D!AH286 -> 0 | AG90: =SUM(U90+V90+W90+X90+Y90+Z90+AA90+AB90+AC90+AD90+AE90+AF90) -> 0 | AH90: =SUM(16-AG90) -> 16
A91: Név20 | E91: =SUM(B91:D91) -> 0 | F91: =D!AI23 -> 0 | G91: =D!AI47 -> 0 | H91: =D!AI71 -> 0 | I91: =D!AI95 -> 0 | J91: =D!AI119 -> 0 | K91: =D!AI143 -> 0 | L91: =D!AI167 -> 0 | M91: =D!AI191 -> 0 | N91: =D!AI215 -> 0 | O91: =D!AI239 -> 0 | P91: =D!AI263 -> 0 | Q91: =D!AI287 -> 0 | R91: =SUM(F91+G91+H91+I91+J91+K91+L91+M91+N91+O91+P91+Q91) -> 0 | S91: =SUM(E91-R91) -> 0 | U91: =D!AH23 -> 0 | V91: =D!AH47 -> 0 | W91: =D!AH71 -> 0 | X91: =D!AH95 -> 0 | Y91: =D!AH119 -> 0 | Z91: =D!AH143 -> 0 | AA91: =D!AH167 -> 0 | AB91: =D!AH191 -> 0 | AC91: =D!AH215 -> 0 | AD91: =D!AH239 -> 0 | AE91: =D!AH263 -> 0 | AF91: =D!AH287 -> 0 | AG91: =SUM(U91+V91+W91+X91+Y91+Z91+AA91+AB91+AC91+AD91+AE91+AF91) -> 0 | AH91: =SUM(16-AG91) -> 16
A93: N é v | B93: Áth. | C93: Gye-rek | D93: 2021 | E93: Össz. | F93: I. | G93: II. | H93: III. | I93: IV. | J93: V. | K93: VI. | L93: VII | M93: VIII | N93: IX | O93: X | P93: XI | Q93: XII | R93: Szf | S93: M.
F94: szf | G94: szf | H94: szf | I94: szf | J94: szf | K94: szf | L94: szf | M94: szf | N94: szf | O94: szf | P94: szf | Q94: szf | S94: szf
A95: Kovács Kriszitán | D95: 30 | E95: =SUM(B95:D95) -> 30 | F95: =N!AI4 -> 0 | G95: =N!AI28 -> 0 | H95: =N!AI52 -> 0 | I95: =N!AI76 -> 0 | J95: =N!AI100 -> 0 | K95: =N!AI124 -> 0 | L95: =N!AI148 -> 0 | M95: =N!AI172 -> 0 | N95: =N!AI196 -> 0 | O95: =N!AI220 -> 0 | P95: =N!AI244 -> 0 | Q95: =N!AI268 -> 0 | R95: =SUM(F95+G95+H95+I95+J95+K95+L95+M95+N95+O95+P95+Q95) -> 0 | S95: =SUM(E95-R95) -> 30
A96: Besse Éva | D96: 30 | E96: =SUM(B96:D96) -> 30 | F96: =N!AI5 -> 0 | G96: =N!AI29 -> 0 | H96: =N!AI53 -> 0 | I96: =N!AI77 -> 0 | J96: =N!AI101 -> 0 | K96: =N!AI125 -> 0 | L96: =N!AI149 -> 0 | M96: =N!AI173 -> 0 | N96: =N!AI197 -> 0 | O96: =N!AI221 -> 0 | P96: =N!AI245 -> 0 | Q96: =N!AI269 -> 0 | R96: =SUM(F96+G96+H96+I96+J96+K96+L96+M96+N96+O96+P96+Q96) -> 0 | S96: =SUM(E96-R96) -> 30
A97: Bulyáki Csaba | E97: =SUM(B97:D97) -> 0 | F97: =N!AI6 -> 5 | G97: =N!AI30 -> 0 | H97: =N!AI54 -> 0 | I97: =N!AI78 -> 0 | J97: =N!AI102 -> 0 | K97: =N!AI126 -> 0 | L97: =N!AI150 -> 0 | M97: =N!AI174 -> 0 | N97: =N!AI198 -> 0 | O97: =N!AI222 -> 0 | P97: =N!AI246 -> 0 | Q97: =N!AI270 -> 0 | R97: =SUM(F97+G97+H97+I97+J97+K97+L97+M97+N97+O97+P97+Q97) -> 5 | S97: =SUM(E97-R97) -> -5
A98: Dancsi Attila | E98: =SUM(B98:D98) -> 0 | F98: =N!AI7 -> 0 | G98: =N!AI31 -> 0 | H98: =N!AI55 -> 0 | I98: =N!AI79 -> 0 | J98: =N!AI103 -> 0 | K98: =N!AI127 -> 0 | L98: =N!AI151 -> 0 | M98: =N!AI175 -> 0 | N98: =N!AI199 -> 0 | O98: =N!AI223 -> 0 | P98: =N!AI247 -> 0 | Q98: =N!AI271 -> 0 | R98: =SUM(F98+G98+H98+I98+J98+K98+L98+M98+N98+O98+P98+Q98) -> 0 | S98: =SUM(E98-R98) -> 0
A99: Fekete Tamás | D99: 30 | E99: =SUM(B99:D99) -> 30 | F99: =N!AI8 -> 0 | G99: =N!AI32 -> 0 | H99: =N!AI56 -> 0 | I99: =N!AI80 -> 0 | J99: =N!AI104 -> 0 | K99: =N!AI128 -> 0 | L99: =N!AI152 -> 0 | M99: =N!AI176 -> 0 | N99: =N!AI200 -> 0 | O99: =N!AI224 -> 0 | P99: =N!AI248 -> 0 | Q99: =N!AI272 -> 0 | R99: =SUM(F99+G99+H99+I99+J99+K99+L99+M99+N99+O99+P99+Q99) -> 0 | S99: =SUM(E99-R99) -> 30
A100: Iványi Roland | E100: =SUM(B100:D100) -> 0 | F100: =N!AI9 -> 0 | G100: =N!AI33 -> 0 | H100: =N!AI57 -> 0 | I100: =N!AI81 -> 0 | J100: =N!AI105 -> 0 | K100: =N!AI129 -> 0 | L100: =N!AI153 -> 0 | M100: =N!AI177 -> 0 | N100: =N!AI201 -> 0 | O100: =N!AI225 -> 0 | P100: =N!AI249 -> 0 | Q100: =N!AI273 -> 0 | R100: =SUM(F100+G100+H100+I100+J100+K100+L100+M100+N100+O100+P100+Q100) -> 0 | S100: =SUM(E100-R100) -> 0
A101: Oláh Erika | D101: 30 | E101: =SUM(B101:D101) -> 30 | F101: =N!AI10 -> 0 | G101: =N!AI34 -> 0 | H101: =N!AI58 -> 0 | I101: =N!AI82 -> 0 | J101: =N!AI106 -> 0 | K101: =N!AI130 -> 0 | L101: =N!AI154 -> 0 | M101: =N!AI178 -> 0 | N101: =N!AI202 -> 0 | O101: =N!AI226 -> 0 | P101: =N!AI250 -> 0 | Q101: =N!AI274 -> 0 | R101: =SUM(F101+G101+H101+I101+J101+K101+L101+M101+N101+O101+P101+Q101) -> 0 | S101: =SUM(E101-R101) -> 30
A102: Tóth János | D102: 30 | E102: =SUM(B102:D102) -> 30 | F102: =N!AI11 -> 0 | G102: =N!AI35 -> 0 | H102: =N!AI59 -> 0 | I102: =N!AI83 -> 0 | J102: =N!AI107 -> 0 | K102: =N!AI131 -> 0 | L102: =N!AI155 -> 0 | M102: =N!AI179 -> 0 | N102: =N!AI203 -> 0 | O102: =N!AI227 -> 0 | P102: =N!AI251 -> 0 | Q102: =N!AI275 -> 0 | R102: =SUM(F102+G102+H102+I102+J102+K102+L102+M102+N102+O102+P102+Q102) -> 0 | S102: =SUM(E102-R102) -> 30
A103: Tóth Krisztián | E103: =SUM(B103:D103) -> 0 | F103: =N!AI12 -> 0 | G103: =N!AI36 -> 0 | H103: =N!AI60 -> 0 | I103: =N!AI84 -> 0 | J103: =N!AI108 -> 0 | K103: =N!AI132 -> 0 | L103: =N!AI156 -> 0 | M103: =N!AI180 -> 0 | N103: =N!AI204 -> 0 | O103: =N!AI228 -> 0 | P103: =N!AI252 -> 0 | Q103: =N!AI276 -> 0 | R103: =SUM(F103+G103+H103+I103+J103+K103+L103+M103+N103+O103+P103+Q103) -> 0 | S103: =SUM(E103-R103) -> 0
A104: Név10 | E104: =SUM(B104:D104) -> 0 | F104: =N!AI13 -> 0 | G104: =N!AI37 -> 0 | H104: =N!AI61 -> 0 | I104: =N!AI85 -> 0 | J104: =N!AI109 -> 0 | K104: =N!AI133 -> 0 | L104: =N!AI157 -> 0 | M104: =N!AI181 -> 0 | N104: =N!AI205 -> 0 | O104: =N!AI229 -> 0 | P104: =N!AI253 -> 0 | Q104: =N!AI277 -> 0 | R104: =SUM(F104+G104+H104+I104+J104+K104+L104+M104+N104+O104+P104+Q104) -> 0 | S104: =SUM(E104-R104) -> 0
A105: Név11 | E105: =SUM(B105:D105) -> 0 | F105: =N!AI14 -> 0 | G105: =N!AI38 -> 0 | H105: =N!AI62 -> 0 | I105: =N!AI86 -> 0 | J105: =N!AI110 -> 0 | K105: =N!AI134 -> 0 | L105: =N!AI158 -> 0 | M105: =N!AI182 -> 0 | N105: =N!AI206 -> 0 | O105: =N!AI230 -> 0 | P105: =N!AI254 -> 0 | Q105: =N!AI278 -> 0 | R105: =SUM(F105+G105+H105+I105+J105+K105+L105+M105+N105+O105+P105+Q105) -> 0 | S105: =SUM(E105-R105) -> 0
A106: Név12 | E106: =SUM(B106:D106) -> 0 | F106: =N!AI15 -> 0 | G106: =N!AI39 -> 0 | H106: =N!AI63 -> 0 | I106: =N!AI87 -> 0 | J106: =N!AI111 -> 0 | K106: =N!AI135 -> 0 | L106: =N!AI159 -> 0 | M106: =N!AI183 -> 0 | N106: =N!AI207 -> 0 | O106: =N!AI231 -> 0 | P106: =N!AI255 -> 0 | Q106: =N!AI279 -> 0 | R106: =SUM(F106+G106+H106+I106+J106+K106+L106+M106+N106+O106+P106+Q106) -> 0 | S106: =SUM(E106-R106) -> 0
A107: Név13 | E107: =SUM(B107:D107) -> 0 | F107: =N!AI16 -> 0 | G107: =N!AI40 -> 0 | H107: =N!AI64 -> 0 | I107: =N!AI88 -> 0 | J107: =N!AI112 -> 0 | K107: =N!AI136 -> 0 | L107: =N!AI160 -> 0 | M107: =N!AI184 -> 0 | N107: =N!AI208 -> 0 | O107: =N!AI232 -> 0 | P107: =N!AI256 -> 0 | Q107: =N!AI280 -> 0 | R107: =SUM(F107+G107+H107+I107+J107+K107+L107+M107+N107+O107+P107+Q107) -> 0 | S107: =SUM(E107-R107) -> 0
A108: Név14 | E108: =SUM(B108:D108) -> 0 | F108: =N!AI17 -> 0 | G108: =N!AI41 -> 0 | H108: =N!AI65 -> 0 | I108: =N!AI89 -> 0 | J108: =N!AI113 -> 0 | K108: =N!AI137 -> 0 | L108: =N!AI161 -> 0 | M108: =N!AI185 -> 0 | N108: =N!AI209 -> 0 | O108: =N!AI233 -> 0 | P108: =N!AI257 -> 0 | Q108: =N!AI281 -> 0 | R108: =SUM(F108+G108+H108+I108+J108+K108+L108+M108+N108+O108+P108+Q108) -> 0 | S108: =SUM(E108-R108) -> 0
A109: Név15 | E109: =SUM(B109:D109) -> 0 | F109: =N!AI18 -> 0 | G109: =N!AI42 -> 0 | H109: =N!AI66 -> 0 | I109: =N!AI90 -> 0 | J109: =N!AI114 -> 0 | K109: =N!AI138 -> 0 | L109: =N!AI162 -> 0 | M109: =N!AI186 -> 0 | N109: =N!AI210 -> 0 | O109: =N!AI234 -> 0 | P109: =N!AI258 -> 0 | Q109: =N!AI282 -> 0 | R109: =SUM(F109+G109+H109+I109+J109+K109+L109+M109+N109+O109+P109+Q109) -> 0 | S109: =SUM(E109-R109) -> 0
A110: Név16 | E110: =SUM(B110:D110) -> 0 | F110: =N!AI19 -> 0 | G110: =N!AI43 -> 0 | H110: =N!AI67 -> 0 | I110: =N!AI91 -> 0 | J110: =N!AI115 -> 0 | K110: =N!AI139 -> 0 | L110: =N!AI163 -> 0 | M110: =N!AI187 -> 0 | N110: =N!AI211 -> 0 | O110: =N!AI235 -> 0 | P110: =N!AI259 -> 0 | Q110: =N!AI283 -> 0 | R110: =SUM(F110+G110+H110+I110+J110+K110+L110+M110+N110+O110+P110+Q110) -> 0 | S110: =SUM(E110-R110) -> 0
...

Sheet A
A1: JANUÁR | B1: 1 | C1: 2 | D1: 3 | E1: 4 | F1: 5 | G1: 6 | H1: 7 | I1: 8 | J1: 9 | K1: 10 | L1: 11 | M1: 12 | N1: 13 | O1: 14 | P1: 15 | Q1: 16 | R1: 17 | S1: 18 | T1: 19 | U1: 20 | V1: 21 | W1: 22 | X1: 23 | Y1: 24 | Z1: 25 | AA1: 26 | AB1: 27 | AC1: 28 | AD1: 29 | AE1: 30 | AF1: 31 | AH1: + | AI1: SZF
B2: ='2021'!B4 -> P | C2: ='2021'!C4 -> Szo | D2: ='2021'!D4 -> V | E2: ='2021'!E4 -> H | F2: ='2021'!F4 -> K | G2: ='2021'!G4 -> Sze | H2: ='2021'!H4 -> Cs | I2: ='2021'!I4 -> P | ... AF2: ='2021'!AF4 -> V
B3: ='2021'!B5 -> 2 | C3: ='2021'!C5 -> 2 | D3: ='2021'!D5 -> 2 | E3: ='2021'!E5 -> 2 | F3: ='2021'!F5 -> X | G3: X | H3: ='2021'!H5 -> 1 | I3: ='2021'!I5 -> 1 | J3: ='2021'!J5 -> 1 | K3: ='2021'!K5 -> 1 | L3: ='2021'!L5 -> 1 | M3: ='2021'!M5 -> 1 | N3: ='2021'!N5 -> X | O3: ='2021'!O5 -> X | ... AF3: ='2021'!AF5 -> 1
A4: =ÖSSZES!$A$3 -> Csuka Lajos | F4: X | G4: X | N4: X | O4: X | V4: X | W4: X | AD4: X | AE4: X | AH4: =1*COUNTIF(A4:AF4,"+") -> 0 | AI4: =1*COUNTIF(B4:AF4,"szf") -> 0
A5: =ÖSSZES!$A$4 -> Batiz Attila | F5: X | G5: X | N5: X | O5: X | V5: X | W5: X | AD5: X | AE5: X | AH5: =1*COUNTIF(A5:AF5,"+") -> 0 | AI5: =1*COUNTIF(B5:AF5,"szf") -> 0
A6: =ÖSSZES!$A$5 -> Füredi Antal | F6: X | G6: X | N6: X | O6: X | V6: X | W6: X | AD6: X | AE6: X | AH6: =1*COUNTIF(A6:AF6,"+") -> 0 | AI6: =1*COUNTIF(B6:AF6,"szf") -> 0
A7: =ÖSSZES!$A$6 -> Iványi István | F7: X | G7: X | N7: X | O7: X | V7: X | W7: X | AD7: X | AE7: X | AH7: =1*COUNTIF(A7:AF7,"+") -> 0 | AI7: =1*COUNTIF(B7:AF7,"szf") -> 0
A8: =ÖSSZES!$A$7 -> Katonka Tibor | F8: X | G8: X | N8: X | O8: X | V8: X | W8: X | AD8: X | AE8: X | AH8: =1*COUNTIF(A8:AF8,"+") -> 0 | AI8: =1*COUNTIF(B8:AF8,"szf") -> 0
A9: =ÖSSZES!$A$8 -> Mizsák Péter | F9: X | G9: X | N9: X | O9: X | V9: X | W9: X | AD9: X | AE9: X | AH9: =1*COUNTIF(A9:AF9,"+") -> 0 | AI9: =1*COUNTIF(B9:AF9,"szf") -> 0
A10: =ÖSSZES!$A$9 -> Vatamány Gergő | F10: X | G10: X | N10: X | O10: X | V10: X | W10: X | AD10: X | AE10: X | AH10: =1*COUNTIF(A10:AF10,"+") -> 0 | AI10: =1*COUNTIF(B10:AF10,"szf") -> 0
A11: =ÖSSZES!$A$10 -> Név8 | F11: X | G11: X | N11: X | O11: X | V11: X | W11: X | AD11: X | AE11: X | AH11: =1*COUNTIF(A11:AF11,"+") -> 0 | AI11: =1*COUNTIF(B11:AF11,"szf") -> 0
A12: =ÖSSZES!$A$11 -> Név9 | F12: X | G12: X | N12: X | O12: X | V12: X | W12: X | AD12: X | AE12: X | AH12: =1*COUNTIF(A12:AF12,"+") -> 0 | AI12: =1*COUNTIF(B12:AF12,"szf") -> 0
A13: =ÖSSZES!$A$12 -> Név10 | F13: X | G13: X | N13: X | O13: X | V13: X | W13: X | AD13: X | AE13: X | AH13: =1*COUNTIF(A13:AF13,"+") -> 0 | AI13: =1*COUNTIF(B13:AF13,"szf") -> 0
A14: =ÖSSZES!$A$13 -> Név11 | F14: X | G14: X | N14: X | O14: X | V14: X | W14: X | AD14: X | AE14: X | AH14: =1*COUNTIF(A14:AF14,"+") -> 0 | AI14: =1*COUNTIF(B14:AF14,"szf") -> 0
A15: =ÖSSZES!$A$14 -> Név12 | F15: X | G15: X | N15: X | O15: X | V15: X | W15: X | AD15: X | AE15: X | AH15: =1*COUNTIF(A15:AF15,"+") -> 0 | AI15: =1*COUNTIF(B15:AF15,"szf") -> 0
A16: =ÖSSZES!$A$15 -> Név13 | F16: X | G16: X | N16: X | O16: X | V16: X | W16: X | AD16: X | AE16: X | AH16: =1*COUNTIF(A16:AF16,"+") -> 0 | AI16: =1*COUNTIF(B16:AF16,"szf") -> 0
A17: =ÖSSZES!$A$16 -> Név14 | F17: X | G17: X | N17: X | O17: X | V17: X | W17: X | AD17: X | AE17: X | AH17: =1*COUNTIF(A17:AF17,"+") -> 0 | AI17: =1*COUNTIF(B17:AF17,"szf") -> 0
A18: =ÖSSZES!$A$17 -> Név15 | F18: X | G18: X | N18: X | O18: X | V18: X | W18: X | AD18: X | AE18: X | AH18: =1*COUNTIF(A18:AF18,"+") -> 0 | AI18: =1*COUNTIF(B18:AF18,"szf") -> 0
A19: =ÖSSZES!$A$18 -> Név16 | F19: X | G19: X | N19: X | O19: X | V19: X | W19: X | AD19: X | AE19: X | AH19: =1*COUNTIF(A19:AF19,"+") -> 0 | AI19: =1*COUNTIF(B19:AF19,"szf") -> 0
A20: =ÖSSZES!$A$19 -> Név17 | F20: X | G20: X | N20: X | O20: X | V20: X | W20: X | AD20: X | AE20: X | AH20: =1*COUNTIF(A20:AF20,"+") -> 0 | AI20: =1*COUNTIF(B20:AF20,"szf") -> 0
A21: =ÖSSZES!$A$20 -> Név18 | F21: X | G21: X | N21: X | O21: X | V21: X | W21: X | AD21: X | AE21: X | AH21: =1*COUNTIF(A21:AF21,"+") -> 0 | AI21: =1*COUNTIF(B21:AF21,"szf") -> 0
A22: =ÖSSZES!$A$21 -> Név19 | F22: X | G22: X | N22: X | O22: X | V22: X | W22: X | AD22: X | AE22: X | AH22: =1*COUNTIF(A22:AF22,"+") -> 0 | AI22: =1*COUNTIF(B22:AF22,"szf") -> 0
A23: =ÖSSZES!$A$22 -> Név20 | F23: X | G23: X | N23: X | O23: X | V23: X | W23: X | AD23: X | AE23: X | AH23: =1*COUNTIF(A23:AF23,"+") -> 0 | AI23: =1*COUNTIF(B23:AF23,"szf") -> 0
A25: FEBRUÁR | B25: 1 | C25: 2 | D25: 3 | E25: 4 | F25: 5 | G25: 6 | H25: 7 | I25: 8 | J25: 9 | K25: 10 | L25: 11 | M25: 12 | N25: 13 | O25: 14 | P25: 15 | Q25: 16 | R25: 17 | S25: 18 | T25: 19 | U25: 20 | V25: 21 | W25: 22 | X25: 23 | Y25: 24 | Z25: 25 | AA25: 26 | AB25: 27 | AC25: 28 | AH25: + | AI25: SZF
B26: ='2021'!B12 -> H | C26: ='2021'!C12 -> K | D26: ='2021'!D12 -> Sze | E26: ='2021'!E12 -> Cs | F26: ='2021'!F12 -> P | G26: ='2021'!G12 -> Szo | H26: ='2021'!H12 -> V | I26: ='2021'!I12 -> H | ... AC26: ='2021'!AC12 -> V
B27: ='2021'!B13 -> 1 | C27: ='2021'!C13 -> 1 | D27: ='2021'!D13 -> 1 | E27: ='2021'!E13 -> 1 | F27: ='2021'!F13 -> 1 | G27: ='2021'!G13 -> X | H27: ='2021'!H13 -> X | I27: ='2021'!I13 -> 3 | ... AC27: ='2021'!AC13 -> 1
A28: =ÖSSZES!$A$3 -> Csuka Lajos | G28: X | H28: X | O28: X | P28: X | W28: X | X28: X | AH28: =1*COUNTIF(A28:AF28,"+") -> 0 | AI28: =1*COUNTIF(B28:AF28,"szf") -> 0
A29: =ÖSSZES!$A$4 -> Batiz Attila | G29: X | H29: X | O29: X | P29: X | W29: X | X29: X | AH29: =1*COUNTIF(A29:AF29,"+") -> 0 | AI29: =1*COUNTIF(B29:AF29,"szf") -> 0
A30: =ÖSSZES!$A$5 -> Füredi Antal | G30: X | H30: X | O30: X | P30: X | W30: X | X30: X | AH30: =1*COUNTIF(A30:AF30,"+") -> 0 | AI30: =1*COUNTIF(B30:AF30,"szf") -> 0
A31: =ÖSSZES!$A$6 -> Iványi István | G31: X | H31: X | O31: X | P31: X | W31: X | X31: X | AH31: =1*COUNTIF(A31:AF31,"+") -> 0 | AI31: =1*COUNTIF(B31:AF31,"szf") -> 0
A32: =ÖSSZES!$A$7 -> Katonka Tibor | G32: X | H32: X | O32: X | P32: X | W32: X | X32: X | AH32: =1*COUNTIF(A32:AF32,"+") -> 0 | AI32: =1*COUNTIF(B32:AF32,"szf") -> 0
A33: =ÖSSZES!$A$8 -> Mizsák Péter | G33: X | H33: X | O33: X | P33: X | W33: X | X33: X | AH33: =1*COUNTIF(A33:AF33,"+") -> 0 | AI33: =1*COUNTIF(B33:AF33,"szf") -> 0
A34: =ÖSSZES!$A$9 -> Vatamány Gergő | G34: X | H34: X | O34: X | P34: X | W34: X | X34: X | AH34: =1*COUNTIF(A34:AF34,"+") -> 0 | AI34: =1*COUNTIF(B34:AF34,"szf") -> 0
A35: =ÖSSZES!$A$10 -> Név8 | G35: X | H35: X | O35: X | P35: X | W35: X | X35: X | AH35: =1*COUNTIF(A35:AF35,"+") -> 0 | AI35: =1*COUNTIF(B35:AF35,"szf") -> 0
A36: =ÖSSZES!$A$11 -> Név9 | G36: X | H36: X | O36: X | P36: X | W36: X | X36: X | AH36: =1*COUNTIF(A36:AF36,"+") -> 0 | AI36: =1*COUNTIF(B36:AF36,"szf") -> 0
A37: =ÖSSZES!$A$12 -> Név10 | G37: X | H37: X | O37: X | P37: X | W37: X | X37: X | AH37: =1*COUNTIF(A37:AF37,"+") -> 0 | AI37: =1*COUNTIF(B37:AF37,"szf") -> 0
A38: =ÖSSZES!$A$13 -> Név11 | G38: X | H38: X | O38: X | P38: X | W38: X | X38: X | AH38: =1*COUNTIF(A38:AF38,"+") -> 0 | AI38: =1*COUNTIF(B38:AF38,"szf") -> 0
A39: =ÖSSZES!$A$14 -> Név12 | G39: X | H39: X | O39: X | P39: X | W39: X | X39: X | AH39: =1*COUNTIF(A39:AF39,"+") -> 0 | AI39: =1*COUNTIF(B39:AF39,"szf") -> 0
A40: =ÖSSZES!$A$15 -> Név13 | G40: X | H40: X | O40: X | P40: X | W40: X | X40: X | AH40: =1*COUNTIF(A40:AF40,"+") -> 0 | AI40: =1*COUNTIF(B40:AF40,"szf") -> 0
A41: =ÖSSZES!$A$16 -> Név14 | G41: X | H41: X | O41: X | P41: X | W41: X | X41: X | AH41: =1*COUNTIF(A41:AF41,"+") -> 0 | AI41: =1*COUNTIF(B41:AF41,"szf") -> 0
A42: =ÖSSZES!$A$17 -> Név15 | G42: X | H42: X | O42: X | P42: X | W42: X | X42: X | AH42: =1*COUNTIF(A42:AF42,"+") -> 0 | AI42: =1*COUNTIF(B42:AF42,"szf") -> 0
A43: =ÖSSZES!$A$18 -> Név16 | G43: X | H43: X | O43: X | P43: X | W43: X | X43: X | AH43: =1*COUNTIF(A43:AF43,"+") -> 0 | AI43: =1*COUNTIF(B43:AF43,"szf") -> 0
A44: =ÖSSZES!$A$19 -> Név17 | G44: X | H44: X | O44: X | P44: X | W44: X | X44: X | AH44: =1*COUNTIF(A44:AF44,"+") -> 0 | AI44: =1*COUNTIF(B44:AF44,"szf") -> 0
A45: =ÖSSZES!$A$20 -> Név18 | G45: X | H45: X | O45: X | P45: X | W45: X | X45: X | AH45: =1*COUNTIF(A45:AF45,"+") -> 0 | AI45: =1*COUNTIF(B45:AF45,"szf") -> 0
A46: =ÖSSZES!$A$21 -> Név19 | G46: X | H46: X | O46: X | P46: X | W46: X | X46: X | AH46: =1*COUNTIF(A46:AF46,"+") -> 0 | AI46: =1*COUNTIF(B46:AF46,"szf") -> 0
A47: =ÖSSZES!$A$17 -> Név15 | G47: X | H47: X | O47: X | P47: X | W47: X | X47: X | AH47: =1*COUNTIF(A47:AF47,"+") -> 0 | AI47: =1*COUNTIF(B47:AF47,"szf") -> 0
A49: MÁRCIUS | B49: 1 | C49: 2 | D49: 3 | E49: 4 | F49: 5 | G49: 6 | H49: 7 | I49: 8 | J49: 9 | K49: 10 | L49: 11 | M49: 12 | N49: 13 | O49: 14 | P49: 15 | Q49: 16 | R49: 17 | S49: 18 | T49: 19 | U49: 20 | V49: 21 | W49: 22 | X49: 23 | Y49: 24 | Z49: 25 | AA49: 26 | AB49: 27 | AC49: 28 | AD49: 29 | AE49: 30 | AF49: 31 | AH49: + | AI49: SZF
B50: ='2021'!B20 -> H | C50: ='2021'!C20 -> K | D50: ='2021'!D20 -> Sze | E50: ='2021'!E20 -> Cs | F50: ='2021'!F20 -> P | G50: ='2021'!G20 -> Szo | H50: ='2021'!H20 -> V | I50: ='2021'!I20 -> H | ... AF50: ='2021'!AF20 -> Sze
B51: ='2021'!B21 -> 1 | C51: ='2021'!C21 -> X | D51: ='2021'!D21 -> X | E51: ='2021'!E21 -> 3 | F51: ='2021'!F21 -> 3 | G51: ='2021'!G21 -> 3 | H51: ='2021'!H21 -> 3 | I51: ='2021'!I21 -> 3 | ... AF51: ='2021'!AF21 -> 3
A52: =ÖSSZES!$A$3 -> Csuka Lajos | C52: X | D52: X | K52: X | L52: X | S52: X | T52: X | AA52: X | AB52: X | AH52: =1*COUNTIF(A52:AF52,"+") -> 0 | AI52: =1*COUNTIF(B52:AF52,"szf") -> 0
A53: =ÖSSZES!$A$4 -> Batiz Attila | C53: X | D53: X | K53: X | L53: X | S53: X | T53: X | AA53: X | AB53: X | AH53: =1*COUNTIF(A53:AF53,"+") -> 0 | AI53: =1*COUNTIF(B53:AF53,"szf") -> 0
A54: =ÖSSZES!$A$5 -> Füredi Antal | C54: X | D54: X | K54: X | L54: X | S54: X | T54: X | AA54: X | AB54: X | AH54: =1*COUNTIF(A54:AF54,"+") -> 0 | AI54: =1*COUNTIF(B54:AF54,"szf") -> 0
A55: =ÖSSZES!$A$6 -> Iványi István | C55: X | D55: X | K55: X | L55: X | S55: X | T55: X | AA55: X | AB55: X | AH55: =1*COUNTIF(A55:AF55,"+") -> 0 | AI55: =1*COUNTIF(B55:AF55,"szf") -> 0
A56: =ÖSSZES!$A$7 -> Katonka Tibor | C56: X | D56: X | K56: X | L56: X | S56: X | T56: X | AA56: X | AB56: X | AH56: =1*COUNTIF(A56:AF56,"+") -> 0 | AI56: =1*COUNTIF(B56:AF56,"szf") -> 0
A57: =ÖSSZES!$A$8 -> Mizsák Péter | C57: X | D57: X | K57: X | L57: X | S57: X | T57: X | AA57: X | AB57: X | AH57: =1*COUNTIF(A57:AF57,"+") -> 0 | AI57: =1*COUNTIF(B57:AF57,"szf") -> 0
A58: =ÖSSZES!$A$9 -> Vatamány Gergő | C58: X | D58: X | K58: X | L58: X | S58: X | T58: X | AA58: X | AB58: X | AH58: =1*COUNTIF(A58:AF58,"+") -> 0 | AI58: =1*COUNTIF(B58:AF58,"szf") -> 0
A59: =ÖSSZES!$A$10 -> Név8 | C59: X | D59: X | K59: X | L59: X | S59: X | T59: X | AA59: X | AB59: X | AH59: =1*COUNTIF(A59:AF59,"+") -> 0 | AI59: =1*COUNTIF(B59:AF59,"szf") -> 0
A60: =ÖSSZES!$A$11 -> Név9 | C60: X | D60: X | K60: X | L60: X | S60: X | T60: X | AA60: X | AB60: X | AH60: =1*COUNTIF(A60:AF60,"+") -> 0 | AI60: =1*COUNTIF(B60:AF60,"szf") -> 0
A61: =ÖSSZES!$A$12 -> Név10 | C61: X | D61: X | K61: X | L61: X | S61: X | T61: X | AA61: X | AB61: X | AH61: =1*COUNTIF(A61:AF61,"+") -> 0 | AI61: =1*COUNTIF(B61:AF61,"szf") -> 0
A62: =ÖSSZES!$A$13 -> Név11 | C62: X | D62: X | K62: X | L62: X | S62: X | T62: X | AA62: X | AB62: X | AH62: =1*COUNTIF(A62:AF62,"+") -> 0 | AI62: =1*COUNTIF(B62:AF62,"szf") -> 0
A63: =ÖSSZES!$A$14 -> Név12 | C63: X | D63: X | K63: X | L63: X | S63: X | T63: X | AA63: X | AB63: X | AH63: =1*COUNTIF(A63:AF63,"+") -> 0 | AI63: =1*COUNTIF(B63:AF63,"szf") -> 0
A64: =ÖSSZES!$A$15 -> Név13 | C64: X | D64: X | K64: X | L64: X | S64: X | T64: X | AA64: X | AB64: X | AH64: =1*COUNTIF(A64:AF64,"+") -> 0 | AI64: =1*COUNTIF(B64:AF64,"szf") -> 0
A65: =ÖSSZES!$A$16 -> Név14 | C65: X | D65: X | K65: X | L65: X | S65: X | T65: X | AA65: X | AB65: X | AH65: =1*COUNTIF(A65:AF65,"+") -> 0 | AI65: =1*COUNTIF(B65:AF65,"szf") -> 0
A66: =ÖSSZES!$A$17 -> Név15 | C66: X | D66: X | K66: X | L66: X | S66: X | T66: X | AA66: X | AB66: X | AH66: =1*COUNTIF(A66:AF66,"+") -> 0 | AI66: =1*COUNTIF(B66:AF66,"szf") -> 0
A67: =ÖSSZES!$A$18 -> Név16 | C67: X | D67: X | K67: X | L67: X | S67: X | T67: X | AA67: X | AB67: X | AH67: =1*COUNTIF(A67:AF67,"+") -> 0 | AI67: =1*COUNTIF(B67:AF67,"szf") -> 0
A68: =ÖSSZES!$A$19 -> Név17 | C68: X | D68: X | K68: X | L68: X | S68: X | T68: X | AA68: X | AB68: X | AH68: =1*COUNTIF(A68:AF68,"+") -> 0 | AI68: =1*COUNTIF(B68:AF68,"szf") -> 0
A69: =ÖSSZES!$A$20 -> Név18 | C69: X | D69: X | K69: X | L69: X | S69: X | T69: X | AA69: X | AB69: X | AH69: =1*COUNTIF(A69:AF69,"+") -> 0 | AI69: =1*COUNTIF(B69:AF69,"szf") -> 0
A70: =ÖSSZES!$A$21 -> Név19 | C70: X | D70: X | K70: X | L70: X | S70: X | T70: X | AA70: X | AB70: X | AH70: =1*COUNTIF(A70:AF70,"+") -> 0 | AI70: =1*COUNTIF(B70:AF70,"szf") -> 0
A71: =ÖSSZES!$A$17 -> Név15 | C71: X | D71: X | K71: X | L71: X | S71: X | T71: X | AA71: X | AB71: X | AH71: =1*COUNTIF(A71:AF71,"+") -> 0 | AI71: =1*COUNTIF(B71:AF71,"szf") -> 0
A73: ÁRPILIS | B73: 1 | C73: 2 | D73: 3 | E73: 4 | F73: 5 | G73: 6 | H73: 7 | I73: 8 | J73: 9 | K73: 10 | L73: 11 | M73: 12 | N73: 13 | O73: 14 | P73: 15 | Q73: 16 | R73: 17 | S73: 18 | T73: 19 | U73: 20 | V73: 21 | W73: 22 | X73: 23 | Y73: 24 | Z73: 25 | AA73: 26 | AB73: 27 | AC73: 28 | AD73: 29 | AE73: 30 | AH73: + | AI73: SZF
B74: ='2021'!B28 -> Cs | C74: ='2021'!C28 -> P | D74: ='2021'!D28 -> Szo | E74: ='2021'!E28 -> V | F74: ='2021'!F28 -> H | G74: ='2021'!G28 -> K | H74: ='2021'!H28 -> Sze | I74: ='2021'!I28 -> Cs | ... AE74: ='2021'!AE28 -> P
B75: ='2021'!B29 -> 3 | C75: ='2021'!C29 -> 3 | D75: ='2021'!D29 -> X | E75: ='2021'!E29 -> X | F75: ='2021'!F29 -> 2 | G75: ='2021'!G29 -> 2 | H75: ='2021'!H29 -> 2 | I75: ='2021'!I29 -> 2 | ... AE75: ='2021'!AE29 -> 2
A76: =ÖSSZES!$A$3 -> Csuka Lajos | D76: X | E76: X | L76: X | M76: X | T76: X | U76: X | AB76: X | AC76: X | AH76: =1*COUNTIF(A76:AF76,"+") -> 0 | AI76: =1*COUNTIF(B76:AF76,"szf") -> 0
A77: =ÖSSZES!$A$4 -> Batiz Attila | D77: X | E77: X | L77: X | M77: X | T77: X | U77: X | AB77: X | AC77: X | AH77: =1*COUNTIF(A77:AF77,"+") -> 0 | AI77: =1*COUNTIF(B77:AF77,"szf") -> 0
A78: =ÖSSZES!$A$5 -> Füredi Antal | D78: X | E78: X | L78: X | M78: X | T78: X | U78: X | AB78: X | AC78: X | AH78: =1*COUNTIF(A78:AF78,"+") -> 0 | AI78: =1*COUNTIF(B78:AF78,"szf") -> 0
A79: =ÖSSZES!$A$6 -> Iványi István | D79: X | E79: X | L79: X | M79: X | T79: X | U79: X | AB79: X | AC79: X | AH79: =1*COUNTIF(A79:AF79,"+") -> 0 | AI79: =1*COUNTIF(B79:AF79,"szf") -> 0
A80: =ÖSSZES!$A$7 -> Katonka Tibor | D80: X | E80: X | L80: X | M80: X | T80: X | U80: X | AB80: X | AC80: X | AH80: =1*COUNTIF(A80:AF80,"+") -> 0 | AI80: =1*COUNTIF(B80:AF80,"szf") -> 0
A81: =ÖSSZES!$A$8 -> Mizsák Péter | D81: X | E81: X | L81: X | M81: X | T81: X | U81: X | AB81: X | AC81: X | AH81: =1*COUNTIF(A81:AF81,"+") -> 0 | AI81: =1*COUNTIF(B81:AF81,"szf") -> 0
A82: =ÖSSZES!$A$9 -> Vatamány Gergő | D82: X | E82: X | L82: X | M82: X | T82: X | U82: X | AB82: X | AC82: X | AH82: =1*COUNTIF(A82:AF82,"+") -> 0 | AI82: =1*COUNTIF(B82:AF82,"szf") -> 0
A83: =ÖSSZES!$A$10 -> Név8 | D83: X | E83: X | L83: X | M83: X | T83: X | U83: X | AB83: X | AC83: X | AH83: =1*COUNTIF(A83:AF83,"+") -> 0 | AI83: =1*COUNTIF(B83:AF83,"szf") -> 0
A84: =ÖSSZES!$A$11 -> Név9 | D84: X | E84: X | L84: X | M84: X | T84: X | U84: X | AB84: X | AC84: X | AH84: =1*COUNTIF(A84:AF84,"+") -> 0 | AI84: =1*COUNTIF(B84:AF84,"szf") -> 0
A85: =ÖSSZES!$A$12 -> Név10 | D85: X | E85: X | L85: X | M85: X | T85: X | U85: X | AB85: X | AC85: X | AH85: =1*COUNTIF(A85:AF85,"+") -> 0 | AI85: =1*COUNTIF(B85:AF85,"szf") -> 0
A86: =ÖSSZES!$A$13 -> Név11 | D86: X | E86: X | L86: X | M86: X | T86: X | U86: X | AB86: X | AC86: X | AH86: =1*COUNTIF(A86:AF86,"+") -> 0 | AI86: =1*COUNTIF(B86:AF86,"szf") -> 0
A87: =ÖSSZES!$A$14 -> Név12 | D87: X | E87: X | L87: X | M87: X | T87: X | U87: X | AB87: X | AC87: X | AH87: =1*COUNTIF(A87:AF87,"+") -> 0 | AI87: =1*COUNTIF(B87:AF87,"szf") -> 0
A88: =ÖSSZES!$A$15 -> Név13 | D88: X | E88: X | L88: X | M88: X | T88: X | U88: X | AB88: X | AC88: X | AH88: =1*COUNTIF(A88:AF88,"+") -> 0 | AI88: =1*COUNTIF(B88:AF88,"szf") -> 0
A89: =ÖSSZES!$A$16 -> Név14 | D89: X | E89: X | L89: X | M89: X | T89: X | U89: X | AB89: X | AC89: X | AH89: =1*COUNTIF(A89:AF89,"+") -> 0 | AI89: =1*COUNTIF(B89:AF89,"szf") -> 0
A90: =ÖSSZES!$A$17 -> Név15 | D90: X | E90: X | L90: X | M90: X | T90: X | U90: X | AB90: X | AC90: X | AH90: =1*COUNTIF(A90:AF90,"+") -> 0 | AI90: =1*COUNTIF(B90:AF90,"szf") -> 0
A91: =ÖSSZES!$A$18 -> Név16 | D91: X | E91: X | L91: X | M91: X | T91: X | U91: X | AB91: X | AC91: X | AH91: =1*COUNTIF(A91:AF91,"+") -> 0 | AI91: =1*COUNTIF(B91:AF91,"szf") -> 0
A92: =ÖSSZES!$A$19 -> Név17 | D92: X | E92: X | L92: X | M92: X | T92: X | U92: X | AB92: X | AC92: X | AH92: =1*COUNTIF(A92:AF92,"+") -> 0 | AI92: =1*COUNTIF(B92:AF92,"szf") -> 0
A93: =ÖSSZES!$A$20 -> Név18 | D93: X | E93: X | L93: X | M93: X | T93: X | U93: X | AB93: X | AC93: X | AH93: =1*COUNTIF(A93:AF93,"+") -> 0 | AI93: =1*COUNTIF(B93:AF93,"szf") -> 0
A94: =ÖSSZES!$A$21 -> Név19 | D94: X | E94: X | L94: X | M94: X | T94: X | U94: X | AB94: X | AC94: X | AH94: =1*COUNTIF(A94:AF94,"+") -> 0 | AI94: =1*COUNTIF(B94:AF94,"szf") -> 0
A95: =ÖSSZES!$A$17 -> Név15 | D95: X | E95: X | L95: X | M95: X | T95: X | U95: X | AB95: X | AC95: X | AH95: =1*COUNTIF(A95:AF95,"+") -> 0 | AI95: =1*COUNTIF(B95:AF95,"szf") -> 0
A97: MÁJUS | B97: 1 | C97: 2 | D97: 3 | E97: 4 | F97: 5 | G97: 6 | H97: 7 | I97: 8 | J97: 9 | K97: 10 | L97: 11 | M97: 12 | N97: 13 | O97: 14 | P97: 15 | Q97: 16 | R97: 17 | S97: 18 | T97: 19 | U97: 20 | V97: 21 | W97: 22 | X97: 23 | Y97: 24 | Z97: 25 | AA97: 26 | AB97: 27 | AC97: 28 | AD97: 29 | AE97: 30 | AF97: 31 | AH97: + | AI97: SZF
B98: ='2021'!B36 -> Szo | C98: ='2021'!C36 -> V | D98: ='2021'!D36 -> H | E98: ='2021'!E36 -> K | F98: ='2021'!F36 -> Sze | G98: ='2021'!G36 -> Cs | H98: ='2021'!H36 -> P | I98: ='2021'!I36 -> Szo | ... AF98: ='2021'!AF36 -> H
B99: ='2021'!B37 -> 2 | C99: ='2021'!C37 -> 2 | D99: ='2021'!D37 -> 2 | E99: ='2021'!E37 -> 2 | F99: ='2021'!F37 -> X | G99: ='2021'!G37 -> X | H99: ='2021'!H37 -> 1 | I99: ='2021'!I37 -> 1 | ... AF99: ='2021'!AF37 -> 1
A100: =ÖSSZES!$A$3 -> Csuka Lajos | F100: X | G100: X | N100: X | O100: X | V100: X | W100: X | AD100: X | AE100: X | AH100: =1*COUNTIF(A100:AF100,"+") -> 0 | AI100: =1*COUNTIF(B100:AF100,"szf") -> 0
A101: =ÖSSZES!$A$4 -> Batiz Attila | F101: X | G101: X | N101: X | O101: X | V101: X | W101: X | AD101: X | AE101: X | AH101: =1*COUNTIF(A101:AF101,"+") -> 0 | AI101: =1*COUNTIF(B101:AF101,"szf") -> 0
A102: =ÖSSZES!$A$5 -> Füredi Antal | F102: X | G102: X | N102: X | O102: X | V102: X | W102: X | AD102: X | AE102: X | AH102: =1*COUNTIF(A102:AF102,"+") -> 0 | AI102: =1*COUNTIF(B102:AF102,"szf") -> 0
A103: =ÖSSZES!$A$6 -> Iványi István | F103: X | G103: X | N103: X | O103: X | V103: X | W103: X | AD103: X | AE103: X | AH103: =1*COUNTIF(A103:AF103,"+") -> 0 | AI103: =1*COUNTIF(B103:AF103,"szf") -> 0
A104: =ÖSSZES!$A$7 -> Katonka Tibor | F104: X | G104: X | N104: X | O104: X | V104: X | W104: X | AD104: X | AE104: X | AH104: =1*COUNTIF(A104:AF104,"+") -> 0 | AI104: =1*COUNTIF(B104:AF104,"szf") -> 0
...

Sheet B
A1: JANUÁR | B1: 1 | C1: 2 | D1: 3 | E1: 4 | F1: 5 | G1: 6 | H1: 7 | I1: 8 | J1: 9 | K1: 10 | L1: 11 | M1: 12 | N1: 13 | O1: 14 | P1: 15 | Q1: 16 | R1: 17 | S1: 18 | T1: 19 | U1: 20 | V1: 21 | W1: 22 | X1: 23 | Y1: 24 | Z1: 25 | AA1: 26 | AB1: 27 | AC1: 28 | AD1: 29 | AE1: 30 | AF1: 31 | AH1: + | AI1: SZF
B2: ='2021'!B4 -> P | C2: ='2021'!C4 -> Szo | D2: ='2021'!D4 -> V | E2: ='2021'!E4 -> H | F2: ='2021'!F4 -> K | G2: ='2021'!G4 -> Sze | H2: ='2021'!H4 -> Cs | I2: ='2021'!I4 -> P | ... AF2: ='2021'!AF4 -> V
B3: ='2021'!B6 -> 3 | C3: ='2021'!C6 -> 3 | D3: ='2021'!D6 -> X | E3: ='2021'!E6 -> X | F3: ='2021'!F6 -> 2 | G3: ='2021'!G6 -> 2 | H3: ='2021'!H6 -> 2 | I3: ='2021'!I6 -> 2 | ... AF3: ='2021'!AF6 -> 2
A4: =ÖSSZES!$A$26 -> Katona László | D4: X | E4: X | L4: X | M4: X | T4: X | U4: X | AB4: X | AC4: X | AH4: =1*COUNTIF(A4:AF4,"+") -> 0 | AI4: =1*COUNTIF(B4:AF4,"szf") -> 0
A5: =ÖSSZES!$A$27 -> Fényi László | D5: X | E5: X | L5: X | M5: X | T5: X | U5: X | AB5: X | AC5: X | AH5: =1*COUNTIF(A5:AF5,"+") -> 0 | AI5: =1*COUNTIF(B5:AF5,"szf") -> 0
A6: =ÖSSZES!$A$28 -> Habara Gábor | D6: X | E6: X | L6: X | M6: X | T6: X | U6: X | AB6: X | AC6: X | AH6: =1*COUNTIF(A6:AF6,"+") -> 0 | AI6: =1*COUNTIF(B6:AF6,"szf") -> 0
A7: =ÖSSZES!$A$29 -> Holba Imre | D7: X | E7: X | L7: X | M7: X | T7: X | U7: X | AB7: X | AC7: X | AH7: =1*COUNTIF(A7:AF7,"+") -> 0 | AI7: =1*COUNTIF(B7:AF7,"szf") -> 0
A8: =ÖSSZES!$A$30 -> Király Bálint Donát | D8: X | E8: X | L8: X | M8: X | T8: X | U8: X | AB8: X | AC8: X | AH8: =1*COUNTIF(A8:AF8,"+") -> 0 | AI8: =1*COUNTIF(B8:AF8,"szf") -> 0
A9: =ÖSSZES!$A$31 -> Kiss János Tamás | D9: X | E9: X | L9: X | M9: X | T9: X | U9: X | AB9: X | AC9: X | AH9: =1*COUNTIF(A9:AF9,"+") -> 0 | AI9: =1*COUNTIF(B9:AF9,"szf") -> 0
A10: =ÖSSZES!$A$32 -> Mezei Lajos | D10: X | E10: X | L10: X | M10: X | T10: X | U10: X | AB10: X | AC10: X | AH10: =1*COUNTIF(A10:AF10,"+") -> 0 | AI10: =1*COUNTIF(B10:AF10,"szf") -> 0
A11: =ÖSSZES!$A$33 -> Név8 | D11: X | E11: X | L11: X | M11: X | T11: X | U11: X | AB11: X | AC11: X | AH11: =1*COUNTIF(A11:AF11,"+") -> 0 | AI11: =1*COUNTIF(B11:AF11,"szf") -> 0
A12: =ÖSSZES!$A$34 -> Név9 | D12: X | E12: X | L12: X | M12: X | T12: X | U12: X | AB12: X | AC12: X | AH12: =1*COUNTIF(A12:AF12,"+") -> 0 | AI12: =1*COUNTIF(B12:AF12,"szf") -> 0
A13: =ÖSSZES!$A$35 -> Név10 | D13: X | E13: X | L13: X | M13: X | T13: X | U13: X | AB13: X | AC13: X | AH13: =1*COUNTIF(A13:AF13,"+") -> 0 | AI13: =1*COUNTIF(B13:AF13,"szf") -> 0
A14: =ÖSSZES!$A$36 -> Név11 | D14: X | E14: X | L14: X | M14: X | T14: X | U14: X | AB14: X | AC14: X | AH14: =1*COUNTIF(A14:AF14,"+") -> 0 | AI14: =1*COUNTIF(B14:AF14,"szf") -> 0
A15: =ÖSSZES!$A$37 -> Név12 | D15: X | E15: X | L15: X | M15: X | T15: X | U15: X | AB15: X | AC15: X | AH15: =1*COUNTIF(A15:AF15,"+") -> 0 | AI15: =1*COUNTIF(B15:AF15,"szf") -> 0
A16: =ÖSSZES!$A$38 -> Név13 | D16: X | E16: X | L16: X | M16: X | T16: X | U16: X | AB16: X | AC16: X | AH16: =1*COUNTIF(A16:AF16,"+") -> 0 | AI16: =1*COUNTIF(B16:AF16,"szf") -> 0
A17: =ÖSSZES!$A$39 -> Név14 | D17: X | E17: X | L17: X | M17: X | T17: X | U17: X | AB17: X | AC17: X | AH17: =1*COUNTIF(A17:AF17,"+") -> 0 | AI17: =1*COUNTIF(B17:AF17,"szf") -> 0
A18: =ÖSSZES!$A$40 -> Név15 | D18: X | E18: X | L18: X | M18: X | T18: X | U18: X | AB18: X | AC18: X | AH18: =1*COUNTIF(A18:AF18,"+") -> 0 | AI18: =1*COUNTIF(B18:AF18,"szf") -> 0
A19: =ÖSSZES!$A$41 -> Név16 | D19: X | E19: X | L19: X | M19: X | T19: X | U19: X | AB19: X | AC19: X | AH19: =1*COUNTIF(A19:AF19,"+") -> 0 | AI19: =1*COUNTIF(B19:AF19,"szf") -> 0
A20: =ÖSSZES!$A$42 -> Név17 | D20: X | E20: X | L20: X | M20: X | T20: X | U20: X | AB20: X | AC20: X | AH20: =1*COUNTIF(A20:AF20,"+") -> 0 | AI20: =1*COUNTIF(B20:AF20,"szf") -> 0
A21: =ÖSSZES!$A$43 -> Név18 | D21: X | E21: X | L21: X | M21: X | T21: X | U21: X | AB21: X | AC21: X | AH21: =1*COUNTIF(A21:AF21,"+") -> 0 | AI21: =1*COUNTIF(B21:AF21,"szf") -> 0
A22: =ÖSSZES!$A$44 -> Név19 | D22: X | E22: X | L22: X | M22: X | T22: X | U22: X | AB22: X | AC22: X | AH22: =1*COUNTIF(A22:AF22,"+") -> 0 | AI22: =1*COUNTIF(B22:AF22,"szf") -> 0
A23: =ÖSSZES!$A$45 -> Név20 | D23: X | E23: X | L23: X | M23: X | T23: X | U23: X | AB23: X | AC23: X | AH23: =1*COUNTIF(A23:AF23,"+") -> 0 | AI23: =1*COUNTIF(B23:AF23,"szf") -> 0
A25: FEBRUÁR | B25: 1 | C25: 2 | D25: 3 | E25: 4 | F25: 5 | G25: 6 | H25: 7 | I25: 8 | J25: 9 | K25: 10 | L25: 11 | M25: 12 | N25: 13 | O25: 14 | P25: 15 | Q25: 16 | R25: 17 | S25: 18 | T25: 19 | U25: 20 | V25: 21 | W25: 22 | X25: 23 | Y25: 24 | Z25: 25 | AA25: 26 | AB25: 27 | AC25: 28 | AH25: + | AI25: SZF
B26: ='2021'!B12 -> H | C26: ='2021'!C12 -> K | D26: ='2021'!D12 -> Sze | E26: ='2021'!E12 -> Cs | F26: ='2021'!F12 -> P | G26: ='2021'!G12 -> Szo | H26: ='2021'!H12 -> V | I26: ='2021'!I12 -> H | ... AC26: ='2021'!AC12 -> V
B27: ='2021'!B14 -> 2 | C27: ='2021'!C14 -> 2 | D27: ='2021'!D14 -> 2 | E27: ='2021'!E14 -> X | F27: ='2021'!F14 -> X | G27: ='2021'!G14 -> 1 | H27: ='2021'!H14 -> 1 | I27: ='2021'!I14 -> 1 | ... AC27: ='2021'!AC14 -> X
A28: =ÖSSZES!$A$26 -> Katona László | E28: X | F28: X | M28: X | N28: X | U28: X | V28: X | AC28: X | AH28: =1*COUNTIF(A28:AF28,"+") -> 0 | AI28: =1*COUNTIF(B28:AF28,"szf") -> 0
A29: =ÖSSZES!$A$27 -> Fényi László | E29: X | F29: X | M29: X | N29: X | U29: X | V29: X | AC29: X | AH29: =1*COUNTIF(A29:AF29,"+") -> 0 | AI29: =1*COUNTIF(B29:AF29,"szf") -> 0
A30: =ÖSSZES!$A$28 -> Habara Gábor | E30: X | F30: X | M30: X | N30: X | U30: X | V30: X | AC30: X | AH30: =1*COUNTIF(A30:AF30,"+") -> 0 | AI30: =1*COUNTIF(B30:AF30,"szf") -> 0
A31: =ÖSSZES!$A$29 -> Holba Imre | E31: X | F31: X | M31: X | N31: X | U31: X | V31: X | AC31: X | AH31: =1*COUNTIF(A31:AF31,"+") -> 0 | AI31: =1*COUNTIF(B31:AF31,"szf") -> 0
A32: =ÖSSZES!$A$30 -> Király Bálint Donát | E32: X | F32: X | M32: X | N32: X | U32: X | V32: X | AC32: X | AH32: =1*COUNTIF(A32:AF32,"+") -> 0 | AI32: =1*COUNTIF(B32:AF32,"szf") -> 0
A33: =ÖSSZES!$A$31 -> Kiss János Tamás | E33: X | F33: X | M33: X | N33: X | U33: X | V33: X | AC33: X | AH33: =1*COUNTIF(A33:AF33,"+") -> 0 | AI33: =1*COUNTIF(B33:AF33,"szf") -> 0
A34: =ÖSSZES!$A$32 -> Mezei Lajos | E34: X | F34: X | M34: X | N34: X | U34: X | V34: X | AC34: X | AH34: =1*COUNTIF(A34:AF34,"+") -> 0 | AI34: =1*COUNTIF(B34:AF34,"szf") -> 0
A35: =ÖSSZES!$A$33 -> Név8 | E35: X | F35: X | M35: X | N35: X | U35: X | V35: X | AC35: X | AH35: =1*COUNTIF(A35:AF35,"+") -> 0 | AI35: =1*COUNTIF(B35:AF35,"szf") -> 0
A36: =ÖSSZES!$A$34 -> Név9 | E36: X | F36: X | M36: X | N36: X | U36: X | V36: X | AC36: X | AH36: =1*COUNTIF(A36:AF36,"+") -> 0 | AI36: =1*COUNTIF(B36:AF36,"szf") -> 0
A37: =ÖSSZES!$A$35 -> Név10 | E37: X | F37: X | M37: X | N37: X | U37: X | V37: X | AC37: X | AH37: =1*COUNTIF(A37:AF37,"+") -> 0 | AI37: =1*COUNTIF(B37:AF37,"szf") -> 0
A38: =ÖSSZES!$A$36 -> Név11 | E38: X | F38: X | M38: X | N38: X | U38: X | V38: X | AC38: X | AH38: =1*COUNTIF(A38:AF38,"+") -> 0 | AI38: =1*COUNTIF(B38:AF38,"szf") -> 0
A39: =ÖSSZES!$A$37 -> Név12 | E39: X | F39: X | M39: X | N39: X | U39: X | V39: X | AC39: X | AH39: =1*COUNTIF(A39:AF39,"+") -> 0 | AI39: =1*COUNTIF(B39:AF39,"szf") -> 0
A40: =ÖSSZES!$A$38 -> Név13 | E40: X | F40: X | M40: X | N40: X | U40: X | V40: X | AC40: X | AH40: =1*COUNTIF(A40:AF40,"+") -> 0 | AI40: =1*COUNTIF(B40:AF40,"szf") -> 0
A41: =ÖSSZES!$A$39 -> Név14 | E41: X | F41: X | M41: X | N41: X | U41: X | V41: X | AC41: X | AH41: =1*COUNTIF(A41:AF41,"+") -> 0 | AI41: =1*COUNTIF(B41:AF41,"szf") -> 0
A42: =ÖSSZES!$A$40 -> Név15 | E42: X | F42: X | M42: X | N42: X | U42: X | V42: X | AC42: X | AH42: =1*COUNTIF(A42:AF42,"+") -> 0 | AI42: =1*COUNTIF(B42:AF42,"szf") -> 0
A43: =ÖSSZES!$A$41 -> Név16 | E43: X | F43: X | M43: X | N43: X | U43: X | V43: X | AC43: X | AH43: =1*COUNTIF(A43:AF43,"+") -> 0 | AI43: =1*COUNTIF(B43:AF43,"szf") -> 0
A44: =ÖSSZES!$A$42 -> Név17 | E44: X | F44: X | M44: X | N44: X | U44: X | V44: X | AC44: X | AH44: =1*COUNTIF(A44:AF44,"+") -> 0 | AI44: =1*COUNTIF(B44:AF44,"szf") -> 0
A45: =ÖSSZES!$A$43 -> Név18 | E45: X | F45: X | M45: X | N45: X | U45: X | V45: X | AC45: X | AH45: =1*COUNTIF(A45:AF45,"+") -> 0 | AI45: =1*COUNTIF(B45:AF45,"szf") -> 0
A46: =ÖSSZES!$A$44 -> Név19 | E46: X | F46: X | M46: X | N46: X | U46: X | V46: X | AC46: X | AH46: =1*COUNTIF(A46:AF46,"+") -> 0 | AI46: =1*COUNTIF(B46:AF46,"szf") -> 0
A47: =ÖSSZES!$A$45 -> Név20 | E47: X | F47: X | M47: X | N47: X | U47: X | V47: X | AC47: X | AH47: =1*COUNTIF(A47:AF47,"+") -> 0 | AI47: =1*COUNTIF(B47:AF47,"szf") -> 0
A49: MÁRCIUS | B49: 1 | C49: 2 | D49: 3 | E49: 4 | F49: 5 | G49: 6 | H49: 7 | I49: 8 | J49: 9 | K49: 10 | L49: 11 | M49: 12 | N49: 13 | O49: 14 | P49: 15 | Q49: 16 | R49: 17 | S49: 18 | T49: 19 | U49: 20 | V49: 21 | W49: 22 | X49: 23 | Y49: 24 | Z49: 25 | AA49: 26 | AB49: 27 | AC49: 28 | AD49: 29 | AE49: 30 | AF49: 31 | AH49: + | AI49: SZF
B50: ='2021'!B20 -> H | C50: ='2021'!C20 -> K | D50: ='2021'!D20 -> Sze | E50: ='2021'!E20 -> Cs | F50: ='2021'!F20 -> P | G50: ='2021'!G20 -> Szo | H50: ='2021'!H20 -> V | I50: ='2021'!I20 -> H | ... AF50: ='2021'!AF20 -> Sze
B51: ='2021'!B22 -> X | C51: ='2021'!C22 -> 1 | D51: ='2021'!D22 -> 1 | E51: ='2021'!E22 -> 1 | F51: ='2021'!F22 -> 1 | G51: ='2021'!G22 -> 1 | H51: ='2021'!H22 -> 1 | I51: ='2021'!I22 -> X | ... AF51: ='2021'!AF22 -> 1
A52: =ÖSSZES!$A$26 -> Katona László | B52: X | I52: X | J52: X | Q52: X | R52: X | Y52: X | Z52: X | AH52: =1*COUNTIF(A52:AF52,"+") -> 0 | AI52: =1*COUNTIF(B52:AF52,"szf") -> 0
A53: =ÖSSZES!$A$27 -> Fényi László | B53: X | I53: X | J53: X | Q53: X | R53: X | Y53: X | Z53: X | AH53: =1*COUNTIF(A53:AF53,"+") -> 0 | AI53: =1*COUNTIF(B53:AF53,"szf") -> 0
A54: =ÖSSZES!$A$28 -> Habara Gábor | B54: X | I54: X | J54: X | Q54: X | R54: X | Y54: X | Z54: X | AH54: =1*COUNTIF(A54:AF54,"+") -> 0 | AI54: =1*COUNTIF(B54:AF54,"szf") -> 0
A55: =ÖSSZES!$A$29 -> Holba Imre | B55: X | I55: X | J55: X | Q55: X | R55: X | Y55: X | Z55: X | AH55: =1*COUNTIF(A55:AF55,"+") -> 0 | AI55: =1*COUNTIF(B55:AF55,"szf") -> 0
A56: =ÖSSZES!$A$30 -> Király Bálint Donát | B56: X | I56: X | J56: X | Q56: X | R56: X | Y56: X | Z56: X | AH56: =1*COUNTIF(A56:AF56,"+") -> 0 | AI56: =1*COUNTIF(B56:AF56,"szf") -> 0
A57: =ÖSSZES!$A$31 -> Kiss János Tamás | B57: X | I57: X | J57: X | Q57: X | R57: X | Y57: X | Z57: X | AH57: =1*COUNTIF(A57:AF57,"+") -> 0 | AI57: =1*COUNTIF(B57:AF57,"szf") -> 0
A58: =ÖSSZES!$A$32 -> Mezei Lajos | B58: X | I58: X | J58: X | Q58: X | R58: X | Y58: X | Z58: X | AH58: =1*COUNTIF(A58:AF58,"+") -> 0 | AI58: =1*COUNTIF(B58:AF58,"szf") -> 0
A59: =ÖSSZES!$A$33 -> Név8 | B59: X | I59: X | J59: X | Q59: X | R59: X | Y59: X | Z59: X | AH59: =1*COUNTIF(A59:AF59,"+") -> 0 | AI59: =1*COUNTIF(B59:AF59,"szf") -> 0
A60: =ÖSSZES!$A$34 -> Név9 | B60: X | I60: X | J60: X | Q60: X | R60: X | Y60: X | Z60: X | AH60: =1*COUNTIF(A60:AF60,"+") -> 0 | AI60: =1*COUNTIF(B60:AF60,"szf") -> 0
A61: =ÖSSZES!$A$35 -> Név10 | B61: X | I61: X | J61: X | Q61: X | R61: X | Y61: X | Z61: X | AH61: =1*COUNTIF(A61:AF61,"+") -> 0 | AI61: =1*COUNTIF(B61:AF61,"szf") -> 0
A62: =ÖSSZES!$A$36 -> Név11 | B62: X | I62: X | J62: X | Q62: X | R62: X | Y62: X | Z62: X | AH62: =1*COUNTIF(A62:AF62,"+") -> 0 | AI62: =1*COUNTIF(B62:AF62,"szf") -> 0
A63: =ÖSSZES!$A$37 -> Név12 | B63: X | I63: X | J63: X | Q63: X | R63: X | Y63: X | Z63: X | AH63: =1*COUNTIF(A63:AF63,"+") -> 0 | AI63: =1*COUNTIF(B63:AF63,"szf") -> 0
A64: =ÖSSZES!$A$38 -> Név13 | B64: X | I64: X | J64: X | Q64: X | R64: X | Y64: X | Z64: X | AH64: =1*COUNTIF(A64:AF64,"+") -> 0 | AI64: =1*COUNTIF(B64:AF64,"szf") -> 0
A65: =ÖSSZES!$A$39 -> Név14 | B65: X | I65: X | J65: X | Q65: X | R65: X | Y65: X | Z65: X | AH65: =1*COUNTIF(A65:AF65,"+") -> 0 | AI65: =1*COUNTIF(B65:AF65,"szf") -> 0
A66: =ÖSSZES!$A$40 -> Név15 | B66: X | I66: X | J66: X | Q66: X | R66: X | Y66: X | Z66: X | AH66: =1*COUNTIF(A66:AF66,"+") -> 0 | AI66: =1*COUNTIF(B66:AF66,"szf") -> 0
A67: =ÖSSZES!$A$41 -> Név16 | B67: X | I67: X | J67: X | Q67: X | R67: X | Y67: X | Z67: X | AH67: =1*COUNTIF(A67:AF67,"+") -> 0 | AI67: =1*COUNTIF(B67:AF67,"szf") -> 0
A68: =ÖSSZES!$A$42 -> Név17 | B68: X | I68: X | J68: X | Q68: X | R68: X | Y68: X | Z68: X | AH68: =1*COUNTIF(A68:AF68,"+") -> 0 | AI68: =1*COUNTIF(B68:AF68,"szf") -> 0
A69: =ÖSSZES!$A$43 -> Név18 | B69: X | I69: X | J69: X | Q69: X | R69: X | Y69: X | Z69: X | AH69: =1*COUNTIF(A69:AF69,"+") -> 0 | AI69: =1*COUNTIF(B69:AF69,"szf") -> 0
A70: =ÖSSZES!$A$44 -> Név19 | B70: X | I70: X | J70: X | Q70: X | R70: X | Y70: X | Z70: X | AH70: =1*COUNTIF(A70:AF70,"+") -> 0 | AI70: =1*COUNTIF(B70:AF70,"szf") -> 0
A71: =ÖSSZES!$A$45 -> Név20 | B71: X | I71: X | J71: X | Q71: X | R71: X | Y71: X | Z71: X | AH71: =1*COUNTIF(A71:AF71,"+") -> 0 | AI71: =1*COUNTIF(B71:AF71,"szf") -> 0
A73: ÁRPILIS | B73: 1 | C73: 2 | D73: 3 | E73: 4 | F73: 5 | G73: 6 | H73: 7 | I73: 8 | J73: 9 | K73: 10 | L73: 11 | M73: 12 | N73: 13 | O73: 14 | P73: 15 | Q73: 16 | R73: 17 | S73: 18 | T73: 19 | U73: 20 | V73: 21 | W73: 22 | X73: 23 | Y73: 24 | Z73: 25 | AA73: 26 | AB73: 27 | AC73: 28 | AD73: 29 | AE73: 30 | AH73: + | AI73: SZF
B74: ='2021'!B28 -> Cs | C74: ='2021'!C28 -> P | D74: ='2021'!D28 -> Szo | E74: ='2021'!E28 -> V | F74: ='2021'!F28 -> H | G74: ='2021'!G28 -> K | H74: ='2021'!H28 -> Sze | I74: ='2021'!I28 -> Cs | ... AE74: ='2021'!AE28 -> P
B75: ='2021'!B30 -> X | C75: ='2021'!C30 -> X | D75: ='2021'!D30 -> 3 | E75: ='2021'!E30 -> 3 | F75: ='2021'!F30 -> 3 | G75: ='2021'!G30 -> 3 | H75: ='2021'!H30 -> 3 | I75: ='2021'!I30 -> 3 | ... AE75: ='2021'!AE30 -> 3
A76: =ÖSSZES!$A$26 -> Katona László | B76: X | C76: X | J76: X | K76: X | R76: X | S76: X | Z76: X | AA76: X | AH76: =1*COUNTIF(A76:AF76,"+") -> 0 | AI76: =1*COUNTIF(B76:AF76,"szf") -> 0
A77: =ÖSSZES!$A$27 -> Fényi László | B77: X | C77: X | J77: X | K77: X | R77: X | S77: X | Z77: X | AA77: X | AH77: =1*COUNTIF(A77:AF77,"+") -> 0 | AI77: =1*COUNTIF(B77:AF77,"szf") -> 0
A78: =ÖSSZES!$A$28 -> Habara Gábor | B78: X | C78: X | J78: X | K78: X | R78: X | S78: X | Z78: X | AA78: X | AH78: =1*COUNTIF(A78:AF78,"+") -> 0 | AI78: =1*COUNTIF(B78:AF78,"szf") -> 0
A79: =ÖSSZES!$A$29 -> Holba Imre | B79: X | C79: X | J79: X | K79: X | R79: X | S79: X | Z79: X | AA79: X | AH79: =1*COUNTIF(A79:AF79,"+") -> 0 | AI79: =1*COUNTIF(B79:AF79,"szf") -> 0
A80: =ÖSSZES!$A$30 -> Király Bálint Donát | B80: X | C80: X | J80: X | K80: X | R80: X | S80: X | Z80: X | AA80: X | AH80: =1*COUNTIF(A80:AF80,"+") -> 0 | AI80: =1*COUNTIF(B80:AF80,"szf") -> 0
A81: =ÖSSZES!$A$31 -> Kiss János Tamás | B81: X | C81: X | J81: X | K81: X | R81: X | S81: X | Z81: X | AA81: X | AH81: =1*COUNTIF(A81:AF81,"+") -> 0 | AI81: =1*COUNTIF(B81:AF81,"szf") -> 0
A82: =ÖSSZES!$A$32 -> Mezei Lajos | B82: X | C82: X | J82: X | K82: X | R82: X | S82: X | Z82: X | AA82: X | AH82: =1*COUNTIF(A82:AF82,"+") -> 0 | AI82: =1*COUNTIF(B82:AF82,"szf") -> 0
A83: =ÖSSZES!$A$33 -> Név8 | B83: X | C83: X | J83: X | K83: X | R83: X | S83: X | Z83: X | AA83: X | AH83: =1*COUNTIF(A83:AF83,"+") -> 0 | AI83: =1*COUNTIF(B83:AF83,"szf") -> 0
A84: =ÖSSZES!$A$34 -> Név9 | B84: X | C84: X | J84: X | K84: X | R84: X | S84: X | Z84: X | AA84: X | AH84: =1*COUNTIF(A84:AF84,"+") -> 0 | AI84: =1*COUNTIF(B84:AF84,"szf") -> 0
A85: =ÖSSZES!$A$35 -> Név10 | B85: X | C85: X | J85: X | K85: X | R85: X | S85: X | Z85: X | AA85: X | AH85: =1*COUNTIF(A85:AF85,"+") -> 0 | AI85: =1*COUNTIF(B85:AF85,"szf") -> 0
A86: =ÖSSZES!$A$36 -> Név11 | B86: X | C86: X | J86: X | K86: X | R86: X | S86: X | Z86: X | AA86: X | AH86: =1*COUNTIF(A86:AF86,"+") -> 0 | AI86: =1*COUNTIF(B86:AF86,"szf") -> 0
A87: =ÖSSZES!$A$37 -> Név12 | B87: X | C87: X | J87: X | K87: X | R87: X | S87: X | Z87: X | AA87: X | AH87: =1*COUNTIF(A87:AF87,"+") -> 0 | AI87: =1*COUNTIF(B87:AF87,"szf") -> 0
A88: =ÖSSZES!$A$38 -> Név13 | B88: X | C88: X | J88: X | K88: X | R88: X | S88: X | Z88: X | AA88: X | AH88: =1*COUNTIF(A88:AF88,"+") -> 0 | AI88: =1*COUNTIF(B88:AF88,"szf") -> 0
A89: =ÖSSZES!$A$39 -> Név14 | B89: X | C89: X | J89: X | K89: X | R89: X | S89: X | Z89: X | AA89: X | AH89: =1*COUNTIF(A89:AF89,"+") -> 0 | AI89: =1*COUNTIF(B89:AF89,"szf") -> 0
A90: =ÖSSZES!$A$40 -> Név15 | B90: X | C90: X | J90: X | K90: X | R90: X | S90: X | Z90: X | AA90: X | AH90: =1*COUNTIF(A90:AF90,"+") -> 0 | AI90: =1*COUNTIF(B90:AF90,"szf") -> 0
A91: =ÖSSZES!$A$41 -> Név16 | B91: X | C91: X | J91: X | K91: X | R91: X | S91: X | Z91: X | AA91: X | AH91: =1*COUNTIF(A91:AF91,"+") -> 0 | AI91: =1*COUNTIF(B91:AF91,"szf") -> 0
A92: =ÖSSZES!$A$42 -> Név17 | B92: X | C92: X | J92: X | K92: X | R92: X | S92: X | Z92: X | AA92: X | AH92: =1*COUNTIF(A92:AF92,"+") -> 0 | AI92: =1*COUNTIF(B92:AF92,"szf") -> 0
A93: =ÖSSZES!$A$43 -> Név18 | B93: X | C93: X | J93: X | K93: X | R93: X | S93: X | Z93: X | AA93: X | AH93: =1*COUNTIF(A93:AF93,"+") -> 0 | AI93: =1*COUNTIF(B93:AF93,"szf") -> 0
A94: =ÖSSZES!$A$44 -> Név19 | B94: X | C94: X | J94: X | K94: X | R94: X | S94: X | Z94: X | AA94: X | AH94: =1*COUNTIF(A94:AF94,"+") -> 0 | AI94: =1*COUNTIF(B94:AF94,"szf") -> 0
A95: =ÖSSZES!$A$45 -> Név20 | B95: X | C95: X | J95: X | K95: X | R95: X | S95: X | Z95: X | AA95: X | AH95: =1*COUNTIF(A95:AF95,"+") -> 0 | AI95: =1*COUNTIF(B95:AF95,"szf") -> 0
A97: MÁJUS | B97: 1 | C97: 2 | D97: 3 | E97: 4 | F97: 5 | G97: 6 | H97: 7 | I97: 8 | J97: 9 | K97: 10 | L97: 11 | M97: 12 | N97: 13 | O97: 14 | P97: 15 | Q97: 16 | R97: 17 | S97: 18 | T97: 19 | U97: 20 | V97: 21 | W97: 22 | X97: 23 | Y97: 24 | Z97: 25 | AA97: 26 | AB97: 27 | AC97: 28 | AD97: 29 | AE97: 30 | AF97: 31 | AH97: + | AI97: SZF
B98: ='2021'!B36 -> Szo | C98: ='2021'!C36 -> V | D98: ='2021'!D36 -> H | E98: ='2021'!E36 -> K | F98: ='2021'!F36 -> Sze | G98: ='2021'!G36 -> Cs | H98: ='2021'!H36 -> P | I98: ='2021'!I36 -> Szo | ... AF98: ='2021'!AF36 -> H
B99: ='2021'!B38 -> 3 | C99: ='2021'!C38 -> 3 | D99: ='2021'!D38 -> X | E99: ='2021'!E38 -> X | F99: ='2021'!F38 -> 2 | G99: ='2021'!G38 -> 2 | H99: ='2021'!H38 -> 2 | I99: ='2021'!I38 -> 2 | ... AF99: ='2021'!AF38 -> 2
A100: =ÖSSZES!$A$26 -> Katona László | D100: X | E100: X | L100: X | M100: X | T100: X | U100: X | AB100: X | AC100: X | AH100: =1*COUNTIF(A100:AF100,"+") -> 0 | AI100: =1*COUNTIF(B100:AF100,"szf") -> 0
A101: =ÖSSZES!$A$27 -> Fényi László | D101: X | E101: X | L101: X | M101: X | T101: X | U101: X | AB101: X | AC101: X | AH101: =1*COUNTIF(A101:AF101,"+") -> 0 | AI101: =1*COUNTIF(B101:AF101,"szf") -> 0
A102: =ÖSSZES!$A$28 -> Habara Gábor | D102: X | E102: X | L102: X | M102: X | T102: X | U102: X | AB102: X | AC102: X | AH102: =1*COUNTIF(A102:AF102,"+") -> 0 | AI102: =1*COUNTIF(B102:AF102,"szf") -> 0
A103: =ÖSSZES!$A$29 -> Holba Imre | D103: X | E103: X | L103: X | M103: X | T103: X | U103: X | AB103: X | AC103: X | AH103: =1*COUNTIF(A103:AF103,"+") -> 0 | AI103: =1*COUNTIF(B103:AF103,"szf") -> 0
A104: =ÖSSZES!$A$30 -> Király Bálint Donát | D104: X | E104: X | L104: X | M104: X | T104: X | U104: X | AB104: X | AC104: X | AH104: =1*COUNTIF(A104:AF104,"+") -> 0 | AI104: =1*COUNTIF(B104:AF104,"szf") -> 0
...

Sheet C
A1: JANUÁR | B1: 1 | C1: 2 | D1: 3 | E1: 4 | F1: 5 | G1: 6 | H1: 7 | I1: 8 | J1: 9 | K1: 10 | L1: 11 | M1: 12 | N1: 13 | O1: 14 | P1: 15 | Q1: 16 | R1: 17 | S1: 18 | T1: 19 | U1: 20 | V1: 21 | W1: 22 | X1: 23 | Y1: 24 | Z1: 25 | AA1: 26 | AB1: 27 | AC1: 28 | AD1: 29 | AE1: 30 | AF1: 31 | AH1: + | AI1: SZF
B2: ='2021'!B4 -> P | C2: ='2021'!C4 -> Szo | D2: ='2021'!D4 -> V | E2: ='2021'!E4 -> H | F2: ='2021'!F4 -> K | G2: ='2021'!G4 -> Sze | H2: ='2021'!H4 -> Cs | I2: ='2021'!I4 -> P | ... AF2: ='2021'!AF4 -> V
B3: ='2021'!B7 -> X | C3: ='2021'!C7 -> X | D3: ='2021'!D7 -> 3 | E3: ='2021'!E7 -> 3 | F3: ='2021'!F7 -> 3 | G3: ='2021'!G7 -> 3 | H3: ='2021'!H7 -> 3 | I3: ='2021'!I7 -> 3 | ... AF3: ='2021'!AF7 -> 3
A4: =ÖSSZES!$A$49 -> Kuik-Filep András | B4: X | C4: X | J4: X | K4: X | R4: X | S4: X | Z4: X | AA4: X | AH4: =1*COUNTIF(A4:AF4,"+") -> 0 | AI4: =1*COUNTIF(B4:AF4,"szf") -> 0
A5: =ÖSSZES!$A$50 -> Balogh Zsolt | B5: X | C5: X | J5: X | K5: X | R5: X | S5: X | Z5: X | AA5: X | AH5: =1*COUNTIF(A5:AF5,"+") -> 0 | AI5: =1*COUNTIF(B5:AF5,"szf") -> 0
A6: =ÖSSZES!$A$51 -> Éliás Viktor | B6: X | C6: X | J6: X | K6: X | R6: X | S6: X | Z6: X | AA6: X | AH6: =1*COUNTIF(A6:AF6,"+") -> 0 | AI6: =1*COUNTIF(B6:AF6,"szf") -> 0
A7: =ÖSSZES!$A$52 -> Hadházi Kálmán | B7: X | C7: X | D7: + | J7: X | K7: X | R7: X | S7: X | Z7: X | AA7: X | AH7: =1*COUNTIF(A7:AF7,"+") -> 1 | AI7: =1*COUNTIF(B7:AF7,"szf") -> 0
A8: =ÖSSZES!$A$53 -> Kiss Attila | B8: X | C8: X | J8: X | K8: X | R8: X | S8: X | Z8: X | AA8: X | AH8: =1*COUNTIF(A8:AF8,"+") -> 0 | AI8: =1*COUNTIF(B8:AF8,"szf") -> 0
A9: =ÖSSZES!$A$54 -> Serestyén Dániel | B9: X | C9: X | J9: X | K9: X | R9: X | S9: X | Z9: X | AA9: X | AH9: =1*COUNTIF(A9:AF9,"+") -> 0 | AI9: =1*COUNTIF(B9:AF9,"szf") -> 0
A10: =ÖSSZES!$A$55 -> Varga Imre | B10: X | C10: X | E10: + | F10: szf | J10: X | K10: X | R10: X | S10: X | Z10: X | AA10: X | AH10: =1*COUNTIF(A10:AF10,"+") -> 1 | AI10: =1*COUNTIF(B10:AF10,"szf") -> 1
A11: =ÖSSZES!$A$56 -> Név8 | B11: X | C11: X | J11: X | K11: X | R11: X | S11: X | Z11: X | AA11: X | AH11: =1*COUNTIF(A11:AF11,"+") -> 0 | AI11: =1*COUNTIF(B11:AF11,"szf") -> 0
A12: =ÖSSZES!$A$57 -> Név9 | B12: X | C12: X | J12: X | K12: X | R12: X | S12: X | Z12: X | AA12: X | AH12: =1*COUNTIF(A12:AF12,"+") -> 0 | AI12: =1*COUNTIF(B12:AF12,"szf") -> 0
A13: =ÖSSZES!$A$58 -> Név10 | B13: X | C13: X | J13: X | K13: X | R13: X | S13: X | Z13: X | AA13: X | AH13: =1*COUNTIF(A13:AF13,"+") -> 0 | AI13: =1*COUNTIF(B13:AF13,"szf") -> 0
A14: =ÖSSZES!$A$59 -> Név11 | B14: X | C14: X | J14: X | K14: X | R14: X | S14: X | Z14: X | AA14: X | AH14: =1*COUNTIF(A14:AF14,"+") -> 0 | AI14: =1*COUNTIF(B14:AF14,"szf") -> 0
A15: =ÖSSZES!$A$60 -> Név12 | B15: X | C15: X | J15: X | K15: X | R15: X | S15: X | Z15: X | AA15: X | AH15: =1*COUNTIF(A15:AF15,"+") -> 0 | AI15: =1*COUNTIF(B15:AF15,"szf") -> 0
A16: =ÖSSZES!$A$61 -> Név13 | B16: X | C16: X | J16: X | K16: X | R16: X | S16: X | Z16: X | AA16: X | AH16: =1*COUNTIF(A16:AF16,"+") -> 0 | AI16: =1*COUNTIF(B16:AF16,"szf") -> 0
A17: =ÖSSZES!$A$62 -> Név14 | B17: X | C17: X | J17: X | K17: X | R17: X | S17: X | Z17: X | AA17: X | AH17: =1*COUNTIF(A17:AF17,"+") -> 0 | AI17: =1*COUNTIF(B17:AF17,"szf") -> 0
A18: =ÖSSZES!$A$63 -> Név15 | B18: X | C18: X | J18: X | K18: X | R18: X | S18: X | Z18: X | AA18: X | AH18: =1*COUNTIF(A18:AF18,"+") -> 0 | AI18: =1*COUNTIF(B18:AF18,"szf") -> 0
A19: =ÖSSZES!$A$64 -> Név16 | B19: X | C19: X | J19: X | K19: X | R19: X | S19: X | Z19: X | AA19: X | AH19: =1*COUNTIF(A19:AF19,"+") -> 0 | AI19: =1*COUNTIF(B19:AF19,"szf") -> 0
A20: =ÖSSZES!$A$65 -> Név17 | B20: X | C20: X | J20: X | K20: X | R20: X | S20: X | Z20: X | AA20: X | AH20: =1*COUNTIF(A20:AF20,"+") -> 0 | AI20: =1*COUNTIF(B20:AF20,"szf") -> 0
A21: =ÖSSZES!$A$66 -> Név18 | B21: X | C21: X | J21: X | K21: X | R21: X | S21: X | Z21: X | AA21: X | AH21: =1*COUNTIF(A21:AF21,"+") -> 0 | AI21: =1*COUNTIF(B21:AF21,"szf") -> 0
A22: =ÖSSZES!$A$67 -> Név19 | B22: X | C22: X | J22: X | K22: X | R22: X | S22: X | Z22: X | AA22: X | AH22: =1*COUNTIF(A22:AF22,"+") -> 0 | AI22: =1*COUNTIF(B22:AF22,"szf") -> 0
A23: =ÖSSZES!$A$68 -> Név20 | B23: X | C23: X | J23: X | K23: X | R23: X | S23: X | Z23: X | AA23: X | AH23: =1*COUNTIF(A23:AF23,"+") -> 0 | AI23: =1*COUNTIF(B23:AF23,"szf") -> 0
A25: FEBRUÁR | B25: 1 | C25: 2 | D25: 3 | E25: 4 | F25: 5 | G25: 6 | H25: 7 | I25: 8 | J25: 9 | K25: 10 | L25: 11 | M25: 12 | N25: 13 | O25: 14 | P25: 15 | Q25: 16 | R25: 17 | S25: 18 | T25: 19 | U25: 20 | V25: 21 | W25: 22 | X25: 23 | Y25: 24 | Z25: 25 | AA25: 26 | AB25: 27 | AC25: 28 | AH25: + | AI25: SZF
B26: ='2021'!B12 -> H | C26: ='2021'!C12 -> K | D26: ='2021'!D12 -> Sze | E26: ='2021'!E12 -> Cs | F26: ='2021'!F12 -> P | G26: ='2021'!G12 -> Szo | H26: ='2021'!H12 -> V | I26: ='2021'!I12 -> H | ... AC26: ='2021'!AC12 -> V
B27: ='2021'!B15 -> 3 | C27: ='2021'!C15 -> X | D27: ='2021'!D15 -> X | E27: ='2021'!E15 -> 2 | F27: ='2021'!F15 -> 2 | G27: ='2021'!G15 -> 2 | H27: ='2021'!H15 -> 2 | I27: ='2021'!I15 -> 2 | ... AC27: ='2021'!AC15 -> 2
A28: =ÖSSZES!$A$49 -> Kuik-Filep András | C28: X | D28: X | K28: X | L28: X | S28: X | T28: X | AA28: X | AB28: X | AH28: =1*COUNTIF(A28:AF28,"+") -> 0 | AI28: =1*COUNTIF(B28:AF28,"szf") -> 0
A29: =ÖSSZES!$A$50 -> Balogh Zsolt | C29: X | D29: X | K29: X | L29: X | S29: X | T29: X | AA29: X | AB29: X | AH29: =1*COUNTIF(A29:AF29,"+") -> 0 | AI29: =1*COUNTIF(B29:AF29,"szf") -> 0
A30: =ÖSSZES!$A$51 -> Éliás Viktor | C30: X | D30: X | K30: X | L30: X | S30: X | T30: X | AA30: X | AB30: X | AH30: =1*COUNTIF(A30:AF30,"+") -> 0 | AI30: =1*COUNTIF(B30:AF30,"szf") -> 0
A31: =ÖSSZES!$A$52 -> Hadházi Kálmán | C31: X | D31: X | K31: X | L31: X | S31: X | T31: X | AA31: X | AB31: X | AH31: =1*COUNTIF(A31:AF31,"+") -> 0 | AI31: =1*COUNTIF(B31:AF31,"szf") -> 0
A32: =ÖSSZES!$A$53 -> Kiss Attila | C32: X | D32: X | K32: X | L32: X | S32: X | T32: X | AA32: X | AB32: X | AH32: =1*COUNTIF(A32:AF32,"+") -> 0 | AI32: =1*COUNTIF(B32:AF32,"szf") -> 0
A33: =ÖSSZES!$A$54 -> Serestyén Dániel | C33: X | D33: X | K33: X | L33: X | S33: X | T33: X | AA33: X | AB33: X | AH33: =1*COUNTIF(A33:AF33,"+") -> 0 | AI33: =1*COUNTIF(B33:AF33,"szf") -> 0
A34: =ÖSSZES!$A$55 -> Varga Imre | C34: X | D34: X | K34: X | L34: X | S34: X | T34: X | AA34: X | AB34: X | AH34: =1*COUNTIF(A34:AF34,"+") -> 0 | AI34: =1*COUNTIF(B34:AF34,"szf") -> 0
A35: =ÖSSZES!$A$56 -> Név8 | C35: X | D35: X | K35: X | L35: X | S35: X | T35: X | AA35: X | AB35: X | AH35: =1*COUNTIF(A35:AF35,"+") -> 0 | AI35: =1*COUNTIF(B35:AF35,"szf") -> 0
A36: =ÖSSZES!$A$57 -> Név9 | C36: X | D36: X | K36: X | L36: X | S36: X | T36: X | AA36: X | AB36: X | AH36: =1*COUNTIF(A36:AF36,"+") -> 0 | AI36: =1*COUNTIF(B36:AF36,"szf") -> 0
A37: =ÖSSZES!$A$58 -> Név10 | C37: X | D37: X | K37: X | L37: X | S37: X | T37: X | AA37: X | AB37: X | AH37: =1*COUNTIF(A37:AF37,"+") -> 0 | AI37: =1*COUNTIF(B37:AF37,"szf") -> 0
A38: =ÖSSZES!$A$59 -> Név11 | C38: X | D38: X | K38: X | L38: X | S38: X | T38: X | AA38: X | AB38: X | AH38: =1*COUNTIF(A38:AF38,"+") -> 0 | AI38: =1*COUNTIF(B38:AF38,"szf") -> 0
A39: =ÖSSZES!$A$60 -> Név12 | C39: X | D39: X | K39: X | L39: X | S39: X | T39: X | AA39: X | AB39: X | AH39: =1*COUNTIF(A39:AF39,"+") -> 0 | AI39: =1*COUNTIF(B39:AF39,"szf") -> 0
A40: =ÖSSZES!$A$61 -> Név13 | C40: X | D40: X | K40: X | L40: X | S40: X | T40: X | AA40: X | AB40: X | AH40: =1*COUNTIF(A40:AF40,"+") -> 0 | AI40: =1*COUNTIF(B40:AF40,"szf") -> 0
A41: =ÖSSZES!$A$62 -> Név14 | C41: X | D41: X | K41: X | L41: X | S41: X | T41: X | AA41: X | AB41: X | AH41: =1*COUNTIF(A41:AF41,"+") -> 0 | AI41: =1*COUNTIF(B41:AF41,"szf") -> 0
A42: =ÖSSZES!$A$63 -> Név15 | C42: X | D42: X | K42: X | L42: X | S42: X | T42: X | AA42: X | AB42: X | AH42: =1*COUNTIF(A42:AF42,"+") -> 0 | AI42: =1*COUNTIF(B42:AF42,"szf") -> 0
A43: =ÖSSZES!$A$64 -> Név16 | C43: X | D43: X | K43: X | L43: X | S43: X | T43: X | AA43: X | AB43: X | AH43: =1*COUNTIF(A43:AF43,"+") -> 0 | AI43: =1*COUNTIF(B43:AF43,"szf") -> 0
A44: =ÖSSZES!$A$65 -> Név17 | C44: X | D44: X | K44: X | L44: X | S44: X | T44: X | AA44: X | AB44: X | AH44: =1*COUNTIF(A44:AF44,"+") -> 0 | AI44: =1*COUNTIF(B44:AF44,"szf") -> 0
A45: =ÖSSZES!$A$66 -> Név18 | C45: X | D45: X | K45: X | L45: X | S45: X | T45: X | AA45: X | AB45: X | AH45: =1*COUNTIF(A45:AF45,"+") -> 0 | AI45: =1*COUNTIF(B45:AF45,"szf") -> 0
A46: =ÖSSZES!$A$67 -> Név19 | C46: X | D46: X | K46: X | L46: X | S46: X | T46: X | AA46: X | AB46: X | AH46: =1*COUNTIF(A46:AF46,"+") -> 0 | AI46: =1*COUNTIF(B46:AF46,"szf") -> 0
A47: =ÖSSZES!$A$68 -> Név20 | C47: X | D47: X | K47: X | L47: X | S47: X | T47: X | AA47: X | AB47: X | AH47: =1*COUNTIF(A47:AF47,"+") -> 0 | AI47: =1*COUNTIF(B47:AF47,"szf") -> 0
A49: MÁRCIUS | B49: 1 | C49: 2 | D49: 3 | E49: 4 | F49: 5 | G49: 6 | H49: 7 | I49: 8 | J49: 9 | K49: 10 | L49: 11 | M49: 12 | N49: 13 | O49: 14 | P49: 15 | Q49: 16 | R49: 17 | S49: 18 | T49: 19 | U49: 20 | V49: 21 | W49: 22 | X49: 23 | Y49: 24 | Z49: 25 | AA49: 26 | AB49: 27 | AC49: 28 | AD49: 29 | AE49: 30 | AF49: 31 | AH49: + | AI49: SZF
B50: ='2021'!B20 -> H | C50: ='2021'!C20 -> K | D50: ='2021'!D20 -> Sze | E50: ='2021'!E20 -> Cs | F50: ='2021'!F20 -> P | G50: ='2021'!G20 -> Szo | H50: ='2021'!H20 -> V | I50: ='2021'!I20 -> H | ... AF50: ='2021'!AF20 -> Sze
B51: ='2021'!B23 -> 2 | C51: ='2021'!C23 -> 2 | D51: ='2021'!D23 -> 2 | E51: ='2021'!E23 -> 2 | F51: ='2021'!F23 -> 2 | G51: ='2021'!G23 -> X | H51: ='2021'!H23 -> X | I51: ='2021'!I23 -> 1 | ... AF51: ='2021'!AF23 -> X
A52: =ÖSSZES!$A$49 -> Kuik-Filep András | G52: X | H52: X | O52: X | P52: X | W52: X | X52: X | AE52: X | AF52: X | AH52: =1*COUNTIF(A52:AF52,"+") -> 0 | AI52: =1*COUNTIF(B52:AF52,"szf") -> 0
A53: =ÖSSZES!$A$50 -> Balogh Zsolt | G53: X | H53: X | O53: X | P53: X | W53: X | X53: X | AE53: X | AF53: X | AH53: =1*COUNTIF(A53:AF53,"+") -> 0 | AI53: =1*COUNTIF(B53:AF53,"szf") -> 0
A54: =ÖSSZES!$A$51 -> Éliás Viktor | G54: X | H54: X | O54: X | P54: X | W54: X | X54: X | AE54: X | AF54: X | AH54: =1*COUNTIF(A54:AF54,"+") -> 0 | AI54: =1*COUNTIF(B54:AF54,"szf") -> 0
A55: =ÖSSZES!$A$52 -> Hadházi Kálmán | G55: X | H55: X | O55: X | P55: X | W55: X | X55: X | AE55: X | AF55: X | AH55: =1*COUNTIF(A55:AF55,"+") -> 0 | AI55: =1*COUNTIF(B55:AF55,"szf") -> 0
A56: =ÖSSZES!$A$53 -> Kiss Attila | G56: X | H56: X | O56: X | P56: X | W56: X | X56: X | AE56: X | AF56: X | AH56: =1*COUNTIF(A56:AF56,"+") -> 0 | AI56: =1*COUNTIF(B56:AF56,"szf") -> 0
A57: =ÖSSZES!$A$54 -> Serestyén Dániel | G57: X | H57: X | O57: X | P57: X | W57: X | X57: X | AE57: X | AF57: X | AH57: =1*COUNTIF(A57:AF57,"+") -> 0 | AI57: =1*COUNTIF(B57:AF57,"szf") -> 0
A58: =ÖSSZES!$A$55 -> Varga Imre | G58: X | H58: X | O58: X | P58: X | W58: X | X58: X | AE58: X | AF58: X | AH58: =1*COUNTIF(A58:AF58,"+") -> 0 | AI58: =1*COUNTIF(B58:AF58,"szf") -> 0
A59: =ÖSSZES!$A$56 -> Név8 | G59: X | H59: X | O59: X | P59: X | W59: X | X59: X | AE59: X | AF59: X | AH59: =1*COUNTIF(A59:AF59,"+") -> 0 | AI59: =1*COUNTIF(B59:AF59,"szf") -> 0
A60: =ÖSSZES!$A$57 -> Név9 | G60: X | H60: X | O60: X | P60: X | W60: X | X60: X | AE60: X | AF60: X | AH60: =1*COUNTIF(A60:AF60,"+") -> 0 | AI60: =1*COUNTIF(B60:AF60,"szf") -> 0
A61: =ÖSSZES!$A$58 -> Név10 | G61: X | H61: X | O61: X | P61: X | W61: X | X61: X | AE61: X | AF61: X | AH61: =1*COUNTIF(A61:AF61,"+") -> 0 | AI61: =1*COUNTIF(B61:AF61,"szf") -> 0
A62: =ÖSSZES!$A$59 -> Név11 | G62: X | H62: X | O62: X | P62: X | W62: X | X62: X | AE62: X | AF62: X | AH62: =1*COUNTIF(A62:AF62,"+") -> 0 | AI62: =1*COUNTIF(B62:AF62,"szf") -> 0
A63: =ÖSSZES!$A$60 -> Név12 | G63: X | H63: X | O63: X | P63: X | W63: X | X63: X | AE63: X | AF63: X | AH63: =1*COUNTIF(A63:AF63,"+") -> 0 | AI63: =1*COUNTIF(B63:AF63,"szf") -> 0
A64: =ÖSSZES!$A$61 -> Név13 | G64: X | H64: X | O64: X | P64: X | W64: X | X64: X | AE64: X | AF64: X | AH64: =1*COUNTIF(A64:AF64,"+") -> 0 | AI64: =1*COUNTIF(B64:AF64,"szf") -> 0
A65: =ÖSSZES!$A$62 -> Név14 | G65: X | H65: X | O65: X | P65: X | W65: X | X65: X | AE65: X | AF65: X | AH65: =1*COUNTIF(A65:AF65,"+") -> 0 | AI65: =1*COUNTIF(B65:AF65,"szf") -> 0
A66: =ÖSSZES!$A$63 -> Név15 | G66: X | H66: X | O66: X | P66: X | W66: X | X66: X | AE66: X | AF66: X | AH66: =1*COUNTIF(A66:AF66,"+") -> 0 | AI66: =1*COUNTIF(B66:AF66,"szf") -> 0
A67: =ÖSSZES!$A$64 -> Név16 | G67: X | H67: X | O67: X | P67: X | W67: X | X67: X | AE67: X | AF67: X | AH67: =1*COUNTIF(A67:AF67,"+") -> 0 | AI67: =1*COUNTIF(B67:AF67,"szf") -> 0
A68: =ÖSSZES!$A$65 -> Név17 | G68: X | H68: X | O68: X | P68: X | W68: X | X68: X | AE68: X | AF68: X | AH68: =1*COUNTIF(A68:AF68,"+") -> 0 | AI68: =1*COUNTIF(B68:AF68,"szf") -> 0
A69: =ÖSSZES!$A$66 -> Név18 | G69: X | H69: X | O69: X | P69: X | W69: X | X69: X | AE69: X | AF69: X | AH69: =1*COUNTIF(A69:AF69,"+") -> 0 | AI69: =1*COUNTIF(B69:AF69,"szf") -> 0
A70: =ÖSSZES!$A$67 -> Név19 | G70: X | H70: X | O70: X | P70: X | W70: X | X70: X | AE70: X | AF70: X | AH70: =1*COUNTIF(A70:AF70,"+") -> 0 | AI70: =1*COUNTIF(B70:AF70,"szf") -> 0
A71: =ÖSSZES!$A$68 -> Név20 | G71: X | H71: X | O71: X | P71: X | W71: X | X71: X | AE71: X | AF71: X | AH71: =1*COUNTIF(A71:AF71,"+") -> 0 | AI71: =1*COUNTIF(B71:AF71,"szf") -> 0
A73: ÁRPILIS | B73: 1 | C73: 2 | D73: 3 | E73: 4 | F73: 5 | G73: 6 | H73: 7 | I73: 8 | J73: 9 | K73: 10 | L73: 11 | M73: 12 | N73: 13 | O73: 14 | P73: 15 | Q73: 16 | R73: 17 | S73: 18 | T73: 19 | U73: 20 | V73: 21 | W73: 22 | X73: 23 | Y73: 24 | Z73: 25 | AA73: 26 | AB73: 27 | AC73: 28 | AD73: 29 | AE73: 30 | AH73: + | AI73: SZF
B74: ='2021'!B28 -> Cs | C74: ='2021'!C28 -> P | D74: ='2021'!D28 -> Szo | E74: ='2021'!E28 -> V | F74: ='2021'!F28 -> H | G74: ='2021'!G28 -> K | H74: ='2021'!H28 -> Sze | I74: ='2021'!I28 -> Cs | ... AE74: ='2021'!AE28 -> P
B75: ='2021'!B31 -> 1 | C75: ='2021'!C31 -> 1 | D75: ='2021'!D31 -> 1 | E75: ='2021'!E31 -> 1 | F75: ='2021'!F31 -> 1 | G75: ='2021'!G31 -> 1 | H75: ='2021'!H31 -> X | I75: ='2021'!I31 -> X | ... AE75: ='2021'!AE31 -> 1
A76: =ÖSSZES!$A$49 -> Kuik-Filep András | H76: X | I76: X | P76: X | Q76: X | X76: X | Y76: X | AH76: =1*COUNTIF(A76:AF76,"+") -> 0 | AI76: =1*COUNTIF(B76:AF76,"szf") -> 0
A77: =ÖSSZES!$A$50 -> Balogh Zsolt | H77: X | I77: X | P77: X | Q77: X | X77: X | Y77: X | AH77: =1*COUNTIF(A77:AF77,"+") -> 0 | AI77: =1*COUNTIF(B77:AF77,"szf") -> 0
A78: =ÖSSZES!$A$51 -> Éliás Viktor | H78: X | I78: X | P78: X | Q78: X | X78: X | Y78: X | AH78: =1*COUNTIF(A78:AF78,"+") -> 0 | AI78: =1*COUNTIF(B78:AF78,"szf") -> 0
A79: =ÖSSZES!$A$52 -> Hadházi Kálmán | H79: X | I79: X | P79: X | Q79: X | X79: X | Y79: X | AH79: =1*COUNTIF(A79:AF79,"+") -> 0 | AI79: =1*COUNTIF(B79:AF79,"szf") -> 0
A80: =ÖSSZES!$A$53 -> Kiss Attila | H80: X | I80: X | P80: X | Q80: X | X80: X | Y80: X | AH80: =1*COUNTIF(A80:AF80,"+") -> 0 | AI80: =1*COUNTIF(B80:AF80,"szf") -> 0
A81: =ÖSSZES!$A$54 -> Serestyén Dániel | H81: X | I81: X | P81: X | Q81: X | X81: X | Y81: X | AH81: =1*COUNTIF(A81:AF81,"+") -> 0 | AI81: =1*COUNTIF(B81:AF81,"szf") -> 0
A82: =ÖSSZES!$A$55 -> Varga Imre | H82: X | I82: X | P82: X | Q82: X | X82: X | Y82: X | AH82: =1*COUNTIF(A82:AF82,"+") -> 0 | AI82: =1*COUNTIF(B82:AF82,"szf") -> 0
A83: =ÖSSZES!$A$56 -> Név8 | H83: X | I83: X | P83: X | Q83: X | X83: X | Y83: X | AH83: =1*COUNTIF(A83:AF83,"+") -> 0 | AI83: =1*COUNTIF(B83:AF83,"szf") -> 0
A84: =ÖSSZES!$A$57 -> Név9 | H84: X | I84: X | P84: X | Q84: X | X84: X | Y84: X | AH84: =1*COUNTIF(A84:AF84,"+") -> 0 | AI84: =1*COUNTIF(B84:AF84,"szf") -> 0
A85: =ÖSSZES!$A$58 -> Név10 | H85: X | I85: X | P85: X | Q85: X | X85: X | Y85: X | AH85: =1*COUNTIF(A85:AF85,"+") -> 0 | AI85: =1*COUNTIF(B85:AF85,"szf") -> 0
A86: =ÖSSZES!$A$59 -> Név11 | H86: X | I86: X | P86: X | Q86: X | X86: X | Y86: X | AH86: =1*COUNTIF(A86:AF86,"+") -> 0 | AI86: =1*COUNTIF(B86:AF86,"szf") -> 0
A87: =ÖSSZES!$A$60 -> Név12 | H87: X | I87: X | P87: X | Q87: X | X87: X | Y87: X | AH87: =1*COUNTIF(A87:AF87,"+") -> 0 | AI87: =1*COUNTIF(B87:AF87,"szf") -> 0
A88: =ÖSSZES!$A$61 -> Név13 | H88: X | I88: X | P88: X | Q88: X | X88: X | Y88: X | AH88: =1*COUNTIF(A88:AF88,"+") -> 0 | AI88: =1*COUNTIF(B88:AF88,"szf") -> 0
A89: =ÖSSZES!$A$62 -> Név14 | H89: X | I89: X | P89: X | Q89: X | X89: X | Y89: X | AH89: =1*COUNTIF(A89:AF89,"+") -> 0 | AI89: =1*COUNTIF(B89:AF89,"szf") -> 0
A90: =ÖSSZES!$A$63 -> Név15 | H90: X | I90: X | P90: X | Q90: X | X90: X | Y90: X | AH90: =1*COUNTIF(A90:AF90,"+") -> 0 | AI90: =1*COUNTIF(B90:AF90,"szf") -> 0
A91: =ÖSSZES!$A$64 -> Név16 | H91: X | I91: X | P91: X | Q91: X | X91: X | Y91: X | AH91: =1*COUNTIF(A91:AF91,"+") -> 0 | AI91: =1*COUNTIF(B91:AF91,"szf") -> 0
A92: =ÖSSZES!$A$65 -> Név17 | H92: X | I92: X | P92: X | Q92: X | X92: X | Y92: X | AH92: =1*COUNTIF(A92:AF92,"+") -> 0 | AI92: =1*COUNTIF(B92:AF92,"szf") -> 0
A93: =ÖSSZES!$A$66 -> Név18 | H93: X | I93: X | P93: X | Q93: X | X93: X | Y93: X | AH93: =1*COUNTIF(A93:AF93,"+") -> 0 | AI93: =1*COUNTIF(B93:AF93,"szf") -> 0
A94: =ÖSSZES!$A$67 -> Név19 | H94: X | I94: X | P94: X | Q94: X | X94: X | Y94: X | AH94: =1*COUNTIF(A94:AF94,"+") -> 0 | AI94: =1*COUNTIF(B94:AF94,"szf") -> 0
A95: =ÖSSZES!$A$68 -> Név20 | H95: X | I95: X | P95: X | Q95: X | X95: X | Y95: X | AH95: =1*COUNTIF(A95:AF95,"+") -> 0 | AI95: =1*COUNTIF(B95:AF95,"szf") -> 0
A97: MÁJUS | B97: 1 | C97: 2 | D97: 3 | E97: 4 | F97: 5 | G97: 6 | H97: 7 | I97: 8 | J97: 9 | K97: 10 | L97: 11 | M97: 12 | N97: 13 | O97: 14 | P97: 15 | Q97: 16 | R97: 17 | S97: 18 | T97: 19 | U97: 20 | V97: 21 | W97: 22 | X97: 23 | Y97: 24 | Z97: 25 | AA97: 26 | AB97: 27 | AC97: 28 | AD97: 29 | AE97: 30 | AF97: 31 | AH97: + | AI97: SZF
B98: ='2021'!B36 -> Szo | C98: ='2021'!C36 -> V | D98: ='2021'!D36 -> H | E98: ='2021'!E36 -> K | F98: ='2021'!F36 -> Sze | G98: ='2021'!G36 -> Cs | H98: ='2021'!H36 -> P | I98: ='2021'!I36 -> Szo | ... AF98: ='2021'!AF36 -> H
B99: ='2021'!B39 -> X | C99: ='2021'!C39 -> X | D99: ='2021'!D39 -> 3 | E99: ='2021'!E39 -> 3 | F99: ='2021'!F39 -> 3 | G99: ='2021'!G39 -> 3 | H99: ='2021'!H39 -> 3 | I99: ='2021'!I39 -> 3 | ... AF99: ='2021'!AF39 -> 3
A100: =ÖSSZES!$A$49 -> Kuik-Filep András | B100: X | C100: X | J100: X | K100: X | R100: X | S100: X | Z100: X | AA100: X | AH100: =1*COUNTIF(A100:AF100,"+") -> 0 | AI100: =1*COUNTIF(B100:AF100,"szf") -> 0
A101: =ÖSSZES!$A$50 -> Balogh Zsolt | B101: X | C101: X | J101: X | K101: X | R101: X | S101: X | Z101: X | AA101: X | AH101: =1*COUNTIF(A101:AF101,"+") -> 0 | AI101: =1*COUNTIF(B101:AF101,"szf") -> 0
A102: =ÖSSZES!$A$51 -> Éliás Viktor | B102: X | C102: X | J102: X | K102: X | R102: X | S102: X | Z102: X | AA102: X | AH102: =1*COUNTIF(A102:AF102,"+") -> 0 | AI102: =1*COUNTIF(B102:AF102,"szf") -> 0
A103: =ÖSSZES!$A$52 -> Hadházi Kálmán | B103: X | C103: X | J103: X | K103: X | R103: X | S103: X | Z103: X | AA103: X | AH103: =1*COUNTIF(A103:AF103,"+") -> 0 | AI103: =1*COUNTIF(B103:AF103,"szf") -> 0
A104: =ÖSSZES!$A$53 -> Kiss Attila | B104: X | C104: X | J104: X | K104: X | R104: X | S104: X | Z104: X | AA104: X | AH104: =1*COUNTIF(A104:AF104,"+") -> 0 | AI104: =1*COUNTIF(B104:AF104,"szf") -> 0
...

Sheet D
A1: JANUÁR | B1: 1 | C1: 2 | D1: 3 | E1: 4 | F1: 5 | G1: 6 | H1: 7 | I1: 8 | J1: 9 | K1: 10 | L1: 11 | M1: 12 | N1: 13 | O1: 14 | P1: 15 | Q1: 16 | R1: 17 | S1: 18 | T1: 19 | U1: 20 | V1: 21 | W1: 22 | X1: 23 | Y1: 24 | Z1: 25 | AA1: 26 | AB1: 27 | AC1: 28 | AD1: 29 | AE1: 30 | AF1: 31 | AH1: + | AI1: SZF
B2: ='2021'!B4 -> P | C2: ='2021'!C4 -> Szo | D2: ='2021'!D4 -> V | E2: ='2021'!E4 -> H | F2: ='2021'!F4 -> K | G2: ='2021'!G4 -> Sze | H2: ='2021'!H4 -> Cs | I2: ='2021'!I4 -> P | ... AF2: ='2021'!AF4 -> V
B3: ='2021'!B8 -> 1 | C3: ='2021'!C8 -> 1 | D3: ='2021'!D8 -> 1 | E3: ='2021'!E8 -> 1 | F3: ='2021'!F8 -> 1 | G3: ='2021'!G8 -> 1 | H3: ='2021'!H8 -> X | I3: ='2021'!I8 -> X | ... AF3: ='2021'!AF8 -> X
A4: =ÖSSZES!$A$72 -> Daku Gábor | B4: =[1]D!B4 -> + | C4: =[1]D!C4 -> 0 | D4: =[1]D!D4 -> 0 | E4: =[1]D!E4 -> 0 | F4: =[1]D!F4 -> 0 | G4: =[1]D!G4 -> 0 | H4: =[1]D!H4 -> X | I4: =[1]D!I4 -> X | ... AE4: =[1]D!AE4 -> 0 | AF4: X | AH4: =1*COUNTIF(A4:AF4,"+") -> 1 | AI4: =1*COUNTIF(B4:AF4,"szf") -> 0
A5: =ÖSSZES!$A$73 -> Borbély Csaba | B5: =[1]D!B5 -> 0 | C5: =[1]D!C5 -> 0 | D5: =[1]D!D5 -> 0 | E5: =[1]D!E5 -> 0 | F5: =[1]D!F5 -> 0 | G5: =[1]D!G5 -> + | H5: =[1]D!H5 -> X | I5: =[1]D!I5 -> X | ... AE5: =[1]D!AE5 -> 0 | AF5: X | AH5: =1*COUNTIF(A5:AF5,"+") -> 1 | AI5: =1*COUNTIF(B5:AF5,"szf") -> 0
A6: =ÖSSZES!$A$74 -> Erdei Bálint | B6: =[1]D!B6 -> 0 | C6: =[1]D!C6 -> 0 | D6: =[1]D!D6 -> 0 | E6: =[1]D!E6 -> 0 | F6: =[1]D!F6 -> 0 | G6: =[1]D!G6 -> 0 | H6: =[1]D!H6 -> X | I6: =[1]D!I6 -> X | ... AE6: =[1]D!AE6 -> 0 | AF6: X | AH6: =1*COUNTIF(A6:AF6,"+") -> 0 | AI6: =1*COUNTIF(B6:AF6,"szf") -> 0
A7: =ÖSSZES!$A$75 -> Fábián Gábor | B7: =[1]D!B7 -> 0 | C7: =[1]D!C7 -> 0 | D7: =[1]D!D7 -> 0 | E7: =[1]D!E7 -> 0 | F7: =[1]D!F7 -> 0 | G7: =[1]D!G7 -> 0 | H7: =[1]D!H7 -> X | I7: =[1]D!I7 -> X | ... AE7: =[1]D!AE7 -> 0 | AF7: X | AH7: =1*COUNTIF(A7:AF7,"+") -> 0 | AI7: =1*COUNTIF(B7:AF7,"szf") -> 0
A8: =ÖSSZES!$A$76 -> Gellei Zsolt | B8: =[1]D!B8 -> 0 | C8: =[1]D!C8 -> 0 | D8: =[1]D!D8 -> 0 | E8: =[1]D!E8 -> 0 | F8: =[1]D!F8 -> 0 | G8: =[1]D!G8 -> 0 | H8: =[1]D!H8 -> X | I8: =[1]D!I8 -> X | ... AE8: =[1]D!AE8 -> 0 | AF8: X | AH8: =1*COUNTIF(A8:AF8,"+") -> 0 | AI8: =1*COUNTIF(B8:AF8,"szf") -> 0
A9: =ÖSSZES!$A$77 -> Kiss Gyula | B9: =[1]D!B9 -> 0 | C9: =[1]D!C9 -> 0 | D9: =[1]D!D9 -> 0 | E9: =[1]D!E9 -> 0 | F9: =[1]D!F9 -> 0 | G9: =[1]D!G9 -> 0 | H9: =[1]D!H9 -> X | I9: =[1]D!I9 -> X | ... AE9: =[1]D!AE9 -> 0 | AF9: X | AH9: =1*COUNTIF(A9:AF9,"+") -> 0 | AI9: =1*COUNTIF(B9:AF9,"szf") -> 0
A10: =ÖSSZES!$A$78 -> Nagy István | B10: =[1]D!B10 -> 0 | C10: =[1]D!C10 -> 0 | D10: =[1]D!D10 -> 0 | E10: =[1]D!E10 -> 0 | F10: =[1]D!F10 -> 0 | G10: =[1]D!G10 -> 0 | H10: =[1]D!H10 -> X | I10: =[1]D!I10 -> X | ... AE10: =[1]D!AE10 -> 0 | AF10: X | AH10: =1*COUNTIF(A10:AF10,"+") -> 0 | AI10: =1*COUNTIF(B10:AF10,"szf") -> 0
A11: =ÖSSZES!$A$79 -> Név8 | H11: X | I11: X | P11: X | Q11: X | X11: X | Y11: X | AF11: X | AH11: =1*COUNTIF(A11:AF11,"+") -> 0 | AI11: =1*COUNTIF(B11:AF11,"szf") -> 0
A12: =ÖSSZES!$A$80 -> Név9 | H12: X | I12: X | P12: X | Q12: X | X12: X | Y12: X | AF12: X | AH12: =1*COUNTIF(A12:AF12,"+") -> 0 | AI12: =1*COUNTIF(B12:AF12,"szf") -> 0
A13: =ÖSSZES!$A$81 -> Név10 | H13: X | I13: X | P13: X | Q13: X | X13: X | Y13: X | AF13: X | AH13: =1*COUNTIF(A13:AF13,"+") -> 0 | AI13: =1*COUNTIF(B13:AF13,"szf") -> 0
A14: =ÖSSZES!$A$82 -> Név11 | H14: X | I14: X | P14: X | Q14: X | X14: X | Y14: X | AF14: X | AH14: =1*COUNTIF(A14:AF14,"+") -> 0 | AI14: =1*COUNTIF(B14:AF14,"szf") -> 0
A15: =ÖSSZES!$A$83 -> Név12 | H15: X | I15: X | P15: X | Q15: X | X15: X | Y15: X | AF15: X | AH15: =1*COUNTIF(A15:AF15,"+") -> 0 | AI15: =1*COUNTIF(B15:AF15,"szf") -> 0
A16: =ÖSSZES!$A$84 -> Név13 | H16: X | I16: X | P16: X | Q16: X | X16: X | Y16: X | AF16: X | AH16: =1*COUNTIF(A16:AF16,"+") -> 0 | AI16: =1*COUNTIF(B16:AF16,"szf") -> 0
A17: =ÖSSZES!$A$85 -> Név14 | H17: X | I17: X | P17: X | Q17: X | X17: X | Y17: X | AF17: X | AH17: =1*COUNTIF(A17:AF17,"+") -> 0 | AI17: =1*COUNTIF(B17:AF17,"szf") -> 0
A18: =ÖSSZES!$A$86 -> Név15 | H18: X | I18: X | P18: X | Q18: X | X18: X | Y18: X | AF18: X | AH18: =1*COUNTIF(A18:AF18,"+") -> 0 | AI18: =1*COUNTIF(B18:AF18,"szf") -> 0
A19: =ÖSSZES!$A$87 -> Név16 | H19: X | I19: X | P19: X | Q19: X | X19: X | Y19: X | AF19: X | AH19: =1*COUNTIF(A19:AF19,"+") -> 0 | AI19: =1*COUNTIF(B19:AF19,"szf") -> 0
A20: =ÖSSZES!$A$88 -> Név17 | H20: X | I20: X | P20: X | Q20: X | X20: X | Y20: X | AF20: X | AH20: =1*COUNTIF(A20:AF20,"+") -> 0 | AI20: =1*COUNTIF(B20:AF20,"szf") -> 0
A21: =ÖSSZES!$A$89 -> Név18 | H21: X | I21: X | P21: X | Q21: X | X21: X | Y21: X | AF21: X | AH21: =1*COUNTIF(A21:AF21,"+") -> 0 | AI21: =1*COUNTIF(B21:AF21,"szf") -> 0
A22: =ÖSSZES!$A$90 -> Név19 | H22: X | I22: X | P22: X | Q22: X | X22: X | Y22: X | AF22: X | AH22: =1*COUNTIF(A22:AF22,"+") -> 0 | AI22: =1*COUNTIF(B22:AF22,"szf") -> 0
A23: =ÖSSZES!$A$91 -> Név20 | H23: X | I23: X | P23: X | Q23: X | X23: X | Y23: X | AF23: X | AH23: =1*COUNTIF(A23:AF23,"+") -> 0 | AI23: =1*COUNTIF(B23:AF23,"szf") -> 0
A25: FEBRUÁR | B25: 1 | C25: 2 | D25: 3 | E25: 4 | F25: 5 | G25: 6 | H25: 7 | I25: 8 | J25: 9 | K25: 10 | L25: 11 | M25: 12 | N25: 13 | O25: 14 | P25: 15 | Q25: 16 | R25: 17 | S25: 18 | T25: 19 | U25: 20 | V25: 21 | W25: 22 | X25: 23 | Y25: 24 | Z25: 25 | AA25: 26 | AB25: 27 | AC25: 28 | AH25: + | AI25: SZF
B26: ='2021'!B12 -> H | C26: ='2021'!C12 -> K | D26: ='2021'!D12 -> Sze | E26: ='2021'!E12 -> Cs | F26: ='2021'!F12 -> P | G26: ='2021'!G12 -> Szo | H26: ='2021'!H12 -> V | I26: ='2021'!I12 -> H | ... AC26: ='2021'!AC12 -> V
B27: ='2021'!B16 -> X | C27: ='2021'!C16 -> 3 | D27: ='2021'!D16 -> 3 | E27: ='2021'!E16 -> 3 | F27: ='2021'!F16 -> 3 | G27: ='2021'!G16 -> 3 | H27: ='2021'!H16 -> 3 | I27: ='2021'!I16 -> X | ... AC27: ='2021'!AC16 -> 3
A28: =ÖSSZES!$A$72 -> Daku Gábor | B28: X | C28: =[1]D!C15 -> 0 | D28: =[1]D!D15 -> 0 | E28: =[1]D!E15 -> 0 | F28: =[1]D!F15 -> 0 | G28: =[1]D!G15 -> 0 | H28: =[1]D!H15 -> 0 | I28: =[1]D!I15 -> X | J28: =[1]D!J15 -> X | ... AC28: =[1]D!AC15 -> 0 | AH28: =1*COUNTIF(A28:AF28,"+") -> 0 | AI28: =1*COUNTIF(B28:AF28,"szf") -> 0
A29: =ÖSSZES!$A$73 -> Borbély Csaba | B29: X | C29: =[1]D!C16 -> 0 | D29: =[1]D!D16 -> 0 | E29: =[1]D!E16 -> 0 | F29: =[1]D!F16 -> 0 | G29: =[1]D!G16 -> 0 | H29: =[1]D!H16 -> 0 | I29: =[1]D!I16 -> X | J29: =[1]D!J16 -> X | ... AC29: =[1]D!AC16 -> 0 | AH29: =1*COUNTIF(A29:AF29,"+") -> 0 | AI29: =1*COUNTIF(B29:AF29,"szf") -> 0
A30: =ÖSSZES!$A$74 -> Erdei Bálint | B30: X | C30: =[1]D!C17 -> 0 | D30: =[1]D!D17 -> 0 | E30: =[1]D!E17 -> 0 | F30: =[1]D!F17 -> 0 | G30: =[1]D!G17 -> 0 | H30: =[1]D!H17 -> 0 | I30: =[1]D!I17 -> X | J30: =[1]D!J17 -> X | ... AC30: =[1]D!AC17 -> 0 | AH30: =1*COUNTIF(A30:AF30,"+") -> 0 | AI30: =1*COUNTIF(B30:AF30,"szf") -> 0
A31: =ÖSSZES!$A$75 -> Fábián Gábor | B31: X | C31: =[1]D!C18 -> 0 | D31: =[1]D!D18 -> 0 | E31: =[1]D!E18 -> 0 | F31: =[1]D!F18 -> 0 | G31: =[1]D!G18 -> 0 | H31: =[1]D!H18 -> 0 | I31: =[1]D!I18 -> X | J31: =[1]D!J18 -> X | ... AC31: =[1]D!AC18 -> 0 | AH31: =1*COUNTIF(A31:AF31,"+") -> 0 | AI31: =1*COUNTIF(B31:AF31,"szf") -> 0
A32: =ÖSSZES!$A$76 -> Gellei Zsolt | B32: X | C32: =[1]D!C19 -> 0 | D32: =[1]D!D19 -> 0 | E32: =[1]D!E19 -> 0 | F32: =[1]D!F19 -> 0 | G32: =[1]D!G19 -> 0 | H32: =[1]D!H19 -> 0 | I32: =[1]D!I19 -> X | J32: =[1]D!J19 -> X | ... AC32: =[1]D!AC19 -> 0 | AH32: =1*COUNTIF(A32:AF32,"+") -> 0 | AI32: =1*COUNTIF(B32:AF32,"szf") -> 0
A33: =ÖSSZES!$A$77 -> Kiss Gyula | B33: X | C33: =[1]D!C20 -> 0 | D33: =[1]D!D20 -> 0 | E33: =[1]D!E20 -> 0 | F33: =[1]D!F20 -> 0 | G33: =[1]D!G20 -> 0 | H33: =[1]D!H20 -> 0 | I33: =[1]D!I20 -> X | J33: =[1]D!J20 -> X | ... AC33: =[1]D!AC20 -> 0 | AH33: =1*COUNTIF(A33:AF33,"+") -> 0 | AI33: =1*COUNTIF(B33:AF33,"szf") -> 0
A34: =ÖSSZES!$A$78 -> Nagy István | B34: X | C34: =[1]D!C21 -> 0 | D34: =[1]D!D21 -> 0 | E34: =[1]D!E21 -> 0 | F34: =[1]D!F21 -> 0 | G34: =[1]D!G21 -> 0 | H34: =[1]D!H21 -> 0 | I34: =[1]D!I21 -> X | J34: =[1]D!J21 -> X | ... AC34: =[1]D!AC21 -> 0 | AH34: =1*COUNTIF(A34:AF34,"+") -> 0 | AI34: =1*COUNTIF(B34:AF34,"szf") -> 0
A35: =ÖSSZES!$A$79 -> Név8 | B35: X | I35: X | J35: X | Q35: X | R35: X | Y35: X | Z35: X | AH35: =1*COUNTIF(A35:AF35,"+") -> 0 | AI35: =1*COUNTIF(B35:AF35,"szf") -> 0
A36: =ÖSSZES!$A$80 -> Név9 | B36: X | I36: X | J36: X | Q36: X | R36: X | Y36: X | Z36: X | AH36: =1*COUNTIF(A36:AF36,"+") -> 0 | AI36: =1*COUNTIF(B36:AF36,"szf") -> 0
A37: =ÖSSZES!$A$81 -> Név10 | B37: X | I37: X | J37: X | Q37: X | R37: X | Y37: X | Z37: X | AH37: =1*COUNTIF(A37:AF37,"+") -> 0 | AI37: =1*COUNTIF(B37:AF37,"szf") -> 0
A38: =ÖSSZES!$A$82 -> Név11 | B38: X | I38: X | J38: X | Q38: X | R38: X | Y38: X | Z38: X | AH38: =1*COUNTIF(A38:AF38,"+") -> 0 | AI38: =1*COUNTIF(B38:AF38,"szf") -> 0
A39: =ÖSSZES!$A$83 -> Név12 | B39: X | I39: X | J39: X | Q39: X | R39: X | Y39: X | Z39: X | AH39: =1*COUNTIF(A39:AF39,"+") -> 0 | AI39: =1*COUNTIF(B39:AF39,"szf") -> 0
A40: =ÖSSZES!$A$84 -> Név13 | B40: X | I40: X | J40: X | Q40: X | R40: X | Y40: X | Z40: X | AH40: =1*COUNTIF(A40:AF40,"+") -> 0 | AI40: =1*COUNTIF(B40:AF40,"szf") -> 0
A41: =ÖSSZES!$A$85 -> Név14 | B41: X | I41: X | J41: X | Q41: X | R41: X | Y41: X | Z41: X | AH41: =1*COUNTIF(A41:AF41,"+") -> 0 | AI41: =1*COUNTIF(B41:AF41,"szf") -> 0
A42: =ÖSSZES!$A$86 -> Név15 | B42: X | I42: X | J42: X | Q42: X | R42: X | Y42: X | Z42: X | AH42: =1*COUNTIF(A42:AF42,"+") -> 0 | AI42: =1*COUNTIF(B42:AF42,"szf") -> 0
A43: =ÖSSZES!$A$87 -> Név16 | B43: X | I43: X | J43: X | Q43: X | R43: X | Y43: X | Z43: X | AH43: =1*COUNTIF(A43:AF43,"+") -> 0 | AI43: =1*COUNTIF(B43:AF43,"szf") -> 0
A44: =ÖSSZES!$A$88 -> Név17 | B44: X | I44: X | J44: X | Q44: X | R44: X | Y44: X | Z44: X | AH44: =1*COUNTIF(A44:AF44,"+") -> 0 | AI44: =1*COUNTIF(B44:AF44,"szf") -> 0
A45: =ÖSSZES!$A$89 -> Név18 | B45: X | I45: X | J45: X | Q45: X | R45: X | Y45: X | Z45: X | AH45: =1*COUNTIF(A45:AF45,"+") -> 0 | AI45: =1*COUNTIF(B45:AF45,"szf") -> 0
A46: =ÖSSZES!$A$90 -> Név19 | B46: X | I46: X | J46: X | Q46: X | R46: X | Y46: X | Z46: X | AH46: =1*COUNTIF(A46:AF46,"+") -> 0 | AI46: =1*COUNTIF(B46:AF46,"szf") -> 0
A47: =ÖSSZES!$A$91 -> Név20 | B47: X | I47: X | J47: X | Q47: X | R47: X | Y47: X | Z47: X | AH47: =1*COUNTIF(A47:AF47,"+") -> 0 | AI47: =1*COUNTIF(B47:AF47,"szf") -> 0
A49: MÁRCIUS | B49: 1 | C49: 2 | D49: 3 | E49: 4 | F49: 5 | G49: 6 | H49: 7 | I49: 8 | J49: 9 | K49: 10 | L49: 11 | M49: 12 | N49: 13 | O49: 14 | P49: 15 | Q49: 16 | R49: 17 | S49: 18 | T49: 19 | U49: 20 | V49: 21 | W49: 22 | X49: 23 | Y49: 24 | Z49: 25 | AA49: 26 | AB49: 27 | AC49: 28 | AD49: 29 | AE49: 30 | AF49: 31 | AH49: + | AI49: SZF
B50: ='2021'!B20 -> H | C50: ='2021'!C20 -> K | D50: ='2021'!D20 -> Sze | E50: ='2021'!E20 -> Cs | F50: ='2021'!F20 -> P | G50: ='2021'!G20 -> Szo | H50: ='2021'!H20 -> V | I50: ='2021'!I20 -> H | ... AF50: ='2021'!AF20 -> Sze
B51: ='2021'!B24 -> 3 | C51: ='2021'!C24 -> 3 | D51: ='2021'!D24 -> 3 | E51: ='2021'!E24 -> X | F51: ='2021'!F24 -> X | G51: ='2021'!G24 -> 2 | H51: ='2021'!H24 -> 2 | I51: ='2021'!I24 -> 2 | ... AF51: ='2021'!AF24 -> 2
A52: =ÖSSZES!$A$72 -> Daku Gábor | B52: =[1]D!B26 -> 0 | C52: =[1]D!C26 -> 0 | D52: =[1]D!D26 -> 0 | E52: =[1]D!E26 -> X | F52: =[1]D!F26 -> X | G52: =[1]D!G26 -> 0 | H52: =[1]D!H26 -> 0 | I52: =[1]D!I26 -> 0 | ... AF52: =[1]D!AF26 -> 0 | AH52: =1*COUNTIF(A52:AF52,"+") -> 0 | AI52: =1*COUNTIF(B52:AF52,"szf") -> 0
A53: =ÖSSZES!$A$73 -> Borbély Csaba | B53: =[1]D!B27 -> 0 | C53: =[1]D!C27 -> 0 | D53: =[1]D!D27 -> 0 | E53: =[1]D!E27 -> X | F53: =[1]D!F27 -> X | G53: =[1]D!G27 -> 0 | H53: =[1]D!H27 -> 0 | I53: =[1]D!I27 -> 0 | ... AF53: =[1]D!AF27 -> 0 | AH53: =1*COUNTIF(A53:AF53,"+") -> 0 | AI53: =1*COUNTIF(B53:AF53,"szf") -> 0
A54: =ÖSSZES!$A$74 -> Erdei Bálint | B54: =[1]D!B28 -> 0 | C54: =[1]D!C28 -> 0 | D54: =[1]D!D28 -> 0 | E54: =[1]D!E28 -> X | F54: =[1]D!F28 -> X | G54: =[1]D!G28 -> 0 | H54: =[1]D!H28 -> 0 | I54: =[1]D!I28 -> 0 | ... AF54: =[1]D!AF28 -> 0 | AH54: =1*COUNTIF(A54:AF54,"+") -> 0 | AI54: =1*COUNTIF(B54:AF54,"szf") -> 0
A55: =ÖSSZES!$A$75 -> Fábián Gábor | B55: =[1]D!B29 -> 0 | C55: =[1]D!C29 -> 0 | D55: =[1]D!D29 -> 0 | E55: =[1]D!E29 -> X | F55: =[1]D!F29 -> X | G55: =[1]D!G29 -> 0 | H55: =[1]D!H29 -> 0 | I55: =[1]D!I29 -> 0 | ... AF55: =[1]D!AF29 -> 0 | AH55: =1*COUNTIF(A55:AF55,"+") -> 0 | AI55: =1*COUNTIF(B55:AF55,"szf") -> 0
A56: =ÖSSZES!$A$76 -> Gellei Zsolt | B56: =[1]D!B30 -> 0 | C56: =[1]D!C30 -> 0 | D56: =[1]D!D30 -> 0 | E56: =[1]D!E30 -> X | F56: =[1]D!F30 -> X | G56: =[1]D!G30 -> 0 | H56: =[1]D!H30 -> 0 | I56: =[1]D!I30 -> 0 | ... AF56: =[1]D!AF30 -> 0 | AH56: =1*COUNTIF(A56:AF56,"+") -> 0 | AI56: =1*COUNTIF(B56:AF56,"szf") -> 0
A57: =ÖSSZES!$A$77 -> Kiss Gyula | B57: =[1]D!B31 -> 0 | C57: =[1]D!C31 -> 0 | D57: =[1]D!D31 -> 0 | E57: =[1]D!E31 -> X | F57: =[1]D!F31 -> X | G57: =[1]D!G31 -> 0 | H57: =[1]D!H31 -> 0 | I57: =[1]D!I31 -> 0 | ... AF57: =[1]D!AF31 -> 0 | AH57: =1*COUNTIF(A57:AF57,"+") -> 0 | AI57: =1*COUNTIF(B57:AF57,"szf") -> 0
A58: =ÖSSZES!$A$78 -> Nagy István | B58: =[1]D!B32 -> 0 | C58: =[1]D!C32 -> 0 | D58: =[1]D!D32 -> 0 | E58: =[1]D!E32 -> X | F58: =[1]D!F32 -> X | G58: =[1]D!G32 -> 0 | H58: =[1]D!H32 -> 0 | I58: =[1]D!I32 -> 0 | ... AF58: =[1]D!AF32 -> 0 | AH58: =1*COUNTIF(A58:AF58,"+") -> 0 | AI58: =1*COUNTIF(B58:AF58,"szf") -> 0
A59: =ÖSSZES!$A$79 -> Név8 | E59: X | F59: X | M59: X | N59: X | U59: X | V59: X | AC59: X | AD59: X | AH59: =1*COUNTIF(A59:AF59,"+") -> 0 | AI59: =1*COUNTIF(B59:AF59,"szf") -> 0
A60: =ÖSSZES!$A$80 -> Név9 | E60: X | F60: X | M60: X | N60: X | U60: X | V60: X | AC60: X | AD60: X | AH60: =1*COUNTIF(A60:AF60,"+") -> 0 | AI60: =1*COUNTIF(B60:AF60,"szf") -> 0
A61: =ÖSSZES!$A$81 -> Név10 | E61: X | F61: X | M61: X | N61: X | U61: X | V61: X | AC61: X | AD61: X | AH61: =1*COUNTIF(A61:AF61,"+") -> 0 | AI61: =1*COUNTIF(B61:AF61,"szf") -> 0
A62: =ÖSSZES!$A$82 -> Név11 | E62: X | F62: X | M62: X | N62: X | U62: X | V62: X | AC62: X | AD62: X | AH62: =1*COUNTIF(A62:AF62,"+") -> 0 | AI62: =1*COUNTIF(B62:AF62,"szf") -> 0
A63: =ÖSSZES!$A$83 -> Név12 | E63: X | F63: X | M63: X | N63: X | U63: X | V63: X | AC63: X | AD63: X | AH63: =1*COUNTIF(A63:AF63,"+") -> 0 | AI63: =1*COUNTIF(B63:AF63,"szf") -> 0
A64: =ÖSSZES!$A$84 -> Név13 | E64: X | F64: X | M64: X | N64: X | U64: X | V64: X | AC64: X | AD64: X | AH64: =1*COUNTIF(A64:AF64,"+") -> 0 | AI64: =1*COUNTIF(B64:AF64,"szf") -> 0
A65: =ÖSSZES!$A$85 -> Név14 | E65: X | F65: X | M65: X | N65: X | U65: X | V65: X | AC65: X | AD65: X | AH65: =1*COUNTIF(A65:AF65,"+") -> 0 | AI65: =1*COUNTIF(B65:AF65,"szf") -> 0
A66: =ÖSSZES!$A$86 -> Név15 | E66: X | F66: X | M66: X | N66: X | U66: X | V66: X | AC66: X | AD66: X | AH66: =1*COUNTIF(A66:AF66,"+") -> 0 | AI66: =1*COUNTIF(B66:AF66,"szf") -> 0
A67: =ÖSSZES!$A$87 -> Név16 | E67: X | F67: X | M67: X | N67: X | U67: X | V67: X | AC67: X | AD67: X | AH67: =1*COUNTIF(A67:AF67,"+") -> 0 | AI67: =1*COUNTIF(B67:AF67,"szf") -> 0
A68: =ÖSSZES!$A$88 -> Név17 | E68: X | F68: X | M68: X | N68: X | U68: X | V68: X | AC68: X | AD68: X | AH68: =1*COUNTIF(A68:AF68,"+") -> 0 | AI68: =1*COUNTIF(B68:AF68,"szf") -> 0
A69: =ÖSSZES!$A$89 -> Név18 | E69: X | F69: X | M69: X | N69: X | U69: X | V69: X | AC69: X | AD69: X | AH69: =1*COUNTIF(A69:AF69,"+") -> 0 | AI69: =1*COUNTIF(B69:AF69,"szf") -> 0
A70: =ÖSSZES!$A$90 -> Név19 | E70: X | F70: X | M70: X | N70: X | U70: X | V70: X | AC70: X | AD70: X | AH70: =1*COUNTIF(A70:AF70,"+") -> 0 | AI70: =1*COUNTIF(B70:AF70,"szf") -> 0
A71: =ÖSSZES!$A$91 -> Név20 | E71: X | F71: X | M71: X | N71: X | U71: X | V71: X | AC71: X | AD71: X | AH71: =1*COUNTIF(A71:AF71,"+") -> 0 | AI71: =1*COUNTIF(B71:AF71,"szf") -> 0
A73: ÁRPILIS | B73: 1 | C73: 2 | D73: 3 | E73: 4 | F73: 5 | G73: 6 | H73: 7 | I73: 8 | J73: 9 | K73: 10 | L73: 11 | M73: 12 | N73: 13 | O73: 14 | P73: 15 | Q73: 16 | R73: 17 | S73: 18 | T73: 19 | U73: 20 | V73: 21 | W73: 22 | X73: 23 | Y73: 24 | Z73: 25 | AA73: 26 | AB73: 27 | AC73: 28 | AD73: 29 | AE73: 30 | AH73: + | AI73: SZF
B74: ='2021'!B28 -> Cs | C74: ='2021'!C28 -> P | D74: ='2021'!D28 -> Szo | E74: ='2021'!E28 -> V | F74: ='2021'!F28 -> H | G74: ='2021'!G28 -> K | H74: ='2021'!H28 -> Sze | I74: ='2021'!I28 -> Cs | ... AE74: ='2021'!AE28 -> P
B75: ='2021'!B32 -> 2 | C75: ='2021'!C32 -> 2 | D75: ='2021'!D32 -> 2 | E75: ='2021'!E32 -> 2 | F75: ='2021'!F32 -> X | G75: ='2021'!G32 -> X | H75: ='2021'!H32 -> 1 | I75: ='2021'!I32 -> 1 | ... AE75: ='2021'!AE32 -> X
A76: =ÖSSZES!$A$72 -> Daku Gábor | B76: =[1]D!B37 -> 0 | C76: =[1]D!C37 -> 0 | D76: =[1]D!D37 -> 0 | E76: =[1]D!E37 -> 0 | F76: =[1]D!F37 -> X | G76: =[1]D!G37 -> X | H76: =[1]D!H37 -> 0 | I76: =[1]D!I37 -> 0 | ... AC76: =[1]D!AC37 -> 0 | AD76: X | AE76: X | AH76: =1*COUNTIF(A76:AF76,"+") -> 0 | AI76: =1*COUNTIF(B76:AF76,"szf") -> 0
A77: =ÖSSZES!$A$73 -> Borbély Csaba | B77: =[1]D!B38 -> 0 | C77: =[1]D!C38 -> 0 | D77: =[1]D!D38 -> 0 | E77: =[1]D!E38 -> 0 | F77: =[1]D!F38 -> X | G77: =[1]D!G38 -> X | H77: =[1]D!H38 -> 0 | I77: =[1]D!I38 -> 0 | ... AC77: =[1]D!AC38 -> 0 | AD77: X | AE77: X | AH77: =1*COUNTIF(A77:AF77,"+") -> 0 | AI77: =1*COUNTIF(B77:AF77,"szf") -> 0
A78: =ÖSSZES!$A$74 -> Erdei Bálint | B78: =[1]D!B39 -> 0 | C78: =[1]D!C39 -> 0 | D78: =[1]D!D39 -> 0 | E78: =[1]D!E39 -> 0 | F78: =[1]D!F39 -> X | G78: =[1]D!G39 -> X | H78: =[1]D!H39 -> 0 | I78: =[1]D!I39 -> 0 | ... AC78: =[1]D!AC39 -> 0 | AD78: X | AE78: X | AH78: =1*COUNTIF(A78:AF78,"+") -> 0 | AI78: =1*COUNTIF(B78:AF78,"szf") -> 0
A79: =ÖSSZES!$A$75 -> Fábián Gábor | B79: =[1]D!B40 -> 0 | C79: =[1]D!C40 -> 0 | D79: =[1]D!D40 -> 0 | E79: =[1]D!E40 -> 0 | F79: =[1]D!F40 -> X | G79: =[1]D!G40 -> X | H79: =[1]D!H40 -> 0 | I79: =[1]D!I40 -> 0 | ... AC79: =[1]D!AC40 -> 0 | AD79: X | AE79: X | AH79: =1*COUNTIF(A79:AF79,"+") -> 0 | AI79: =1*COUNTIF(B79:AF79,"szf") -> 0
A80: =ÖSSZES!$A$76 -> Gellei Zsolt | B80: =[1]D!B41 -> 0 | C80: =[1]D!C41 -> 0 | D80: =[1]D!D41 -> 0 | E80: =[1]D!E41 -> 0 | F80: =[1]D!F41 -> X | G80: =[1]D!G41 -> X | H80: =[1]D!H41 -> 0 | I80: =[1]D!I41 -> 0 | ... AC80: =[1]D!AC41 -> 0 | AD80: X | AE80: X | AH80: =1*COUNTIF(A80:AF80,"+") -> 0 | AI80: =1*COUNTIF(B80:AF80,"szf") -> 0
A81: =ÖSSZES!$A$77 -> Kiss Gyula | B81: =[1]D!B42 -> 0 | C81: =[1]D!C42 -> 0 | D81: =[1]D!D42 -> 0 | E81: =[1]D!E42 -> 0 | F81: =[1]D!F42 -> X | G81: =[1]D!G42 -> X | H81: =[1]D!H42 -> 0 | I81: =[1]D!I42 -> 0 | ... AC81: =[1]D!AC42 -> 0 | AD81: X | AE81: X | AH81: =1*COUNTIF(A81:AF81,"+") -> 0 | AI81: =1*COUNTIF(B81:AF81,"szf") -> 0
A82: =ÖSSZES!$A$78 -> Nagy István | B82: =[1]D!B43 -> 0 | C82: =[1]D!C43 -> 0 | D82: =[1]D!D43 -> 0 | E82: =[1]D!E43 -> 0 | F82: =[1]D!F43 -> X | G82: =[1]D!G43 -> X | H82: =[1]D!H43 -> 0 | I82: =[1]D!I43 -> 0 | ... AC82: =[1]D!AC43 -> 0 | AD82: X | AE82: X | AH82: =1*COUNTIF(A82:AF82,"+") -> 0 | AI82: =1*COUNTIF(B82:AF82,"szf") -> 0
A83: =ÖSSZES!$A$79 -> Név8 | F83: X | G83: X | N83: X | O83: X | V83: X | W83: X | AD83: X | AE83: X | AH83: =1*COUNTIF(A83:AF83,"+") -> 0 | AI83: =1*COUNTIF(B83:AF83,"szf") -> 0
A84: =ÖSSZES!$A$80 -> Név9 | F84: X | G84: X | N84: X | O84: X | V84: X | W84: X | AD84: X | AE84: X | AH84: =1*COUNTIF(A84:AF84,"+") -> 0 | AI84: =1*COUNTIF(B84:AF84,"szf") -> 0
A85: =ÖSSZES!$A$81 -> Név10 | F85: X | G85: X | N85: X | O85: X | V85: X | W85: X | AD85: X | AE85: X | AH85: =1*COUNTIF(A85:AF85,"+") -> 0 | AI85: =1*COUNTIF(B85:AF85,"szf") -> 0
A86: =ÖSSZES!$A$82 -> Név11 | F86: X | G86: X | N86: X | O86: X | V86: X | W86: X | AD86: X | AE86: X | AH86: =1*COUNTIF(A86:AF86,"+") -> 0 | AI86: =1*COUNTIF(B86:AF86,"szf") -> 0
A87: =ÖSSZES!$A$83 -> Név12 | F87: X | G87: X | N87: X | O87: X | V87: X | W87: X | AD87: X | AE87: X | AH87: =1*COUNTIF(A87:AF87,"+") -> 0 | AI87: =1*COUNTIF(B87:AF87,"szf") -> 0
A88: =ÖSSZES!$A$84 -> Név13 | F88: X | G88: X | N88: X | O88: X | V88: X | W88: X | AD88: X | AE88: X | AH88: =1*COUNTIF(A88:AF88,"+") -> 0 | AI88: =1*COUNTIF(B88:AF88,"szf") -> 0
A89: =ÖSSZES!$A$85 -> Név14 | F89: X | G89: X | N89: X | O89: X | V89: X | W89: X | AD89: X | AE89: X | AH89: =1*COUNTIF(A89:AF89,"+") -> 0 | AI89: =1*COUNTIF(B89:AF89,"szf") -> 0
A90: =ÖSSZES!$A$86 -> Név15 | F90: X | G90: X | N90: X | O90: X | V90: X | W90: X | AD90: X | AE90: X | AH90: =1*COUNTIF(A90:AF90,"+") -> 0 | AI90: =1*COUNTIF(B90:AF90,"szf") -> 0
A91: =ÖSSZES!$A$87 -> Név16 | F91: X | G91: X | N91: X | O91: X | V91: X | W91: X | AD91: X | AE91: X | AH91: =1*COUNTIF(A91:AF91,"+") -> 0 | AI91: =1*COUNTIF(B91:AF91,"szf") -> 0
A92: =ÖSSZES!$A$88 -> Név17 | F92: X | G92: X | N92: X | O92: X | V92: X | W92: X | AD92: X | AE92: X | AH92: =1*COUNTIF(A92:AF92,"+") -> 0 | AI92: =1*COUNTIF(B92:AF92,"szf") -> 0
A93: =ÖSSZES!$A$89 -> Név18 | F93: X | G93: X | N93: X | O93: X | V93: X | W93: X | AD93: X | AE93: X | AH93: =1*COUNTIF(A93:AF93,"+") -> 0 | AI93: =1*COUNTIF(B93:AF93,"szf") -> 0
A94: =ÖSSZES!$A$90 -> Név19 | F94: X | G94: X | N94: X | O94: X | V94: X | W94: X | AD94: X | AE94: X | AH94: =1*COUNTIF(A94:AF94,"+") -> 0 | AI94: =1*COUNTIF(B94:AF94,"szf") -> 0
A95: =ÖSSZES!$A$91 -> Név20 | F95: X | G95: X | N95: X | O95: X | V95: X | W95: X | AD95: X | AE95: X | AH95: =1*COUNTIF(A95:AF95,"+") -> 0 | AI95: =1*COUNTIF(B95:AF95,"szf") -> 0
A97: MÁJUS | B97: 1 | C97: 2 | D97: 3 | E97: 4 | F97: 5 | G97: 6 | H97: 7 | I97: 8 | J97: 9 | K97: 10 | L97: 11 | M97: 12 | N97: 13 | O97: 14 | P97: 15 | Q97: 16 | R97: 17 | S97: 18 | T97: 19 | U97: 20 | V97: 21 | W97: 22 | X97: 23 | Y97: 24 | Z97: 25 | AA97: 26 | AB97: 27 | AC97: 28 | AD97: 29 | AE97: 30 | AF97: 31 | AH97: + | AI97: SZF
B98: ='2021'!B36 -> Szo | C98: ='2021'!C36 -> V | D98: ='2021'!D36 -> H | E98: ='2021'!E36 -> K | F98: ='2021'!F36 -> Sze | G98: ='2021'!G36 -> Cs | H98: ='2021'!H36 -> P | I98: ='2021'!I36 -> Szo | ... AF98: ='2021'!AF36 -> H
B99: ='2021'!B40 -> 1 | C99: ='2021'!C40 -> 1 | D99: ='2021'!D40 -> 1 | E99: ='2021'!E40 -> 1 | F99: ='2021'!F40 -> 1 | G99: ='2021'!G40 -> 1 | H99: ='2021'!H40 -> X | I99: ='2021'!I40 -> X | ... AF99: ='2021'!AF40 -> X
A100: =ÖSSZES!$A$72 -> Daku Gábor | B100: =[1]D!B48 -> 0 | C100: =[1]D!C48 -> 0 | D100: =[1]D!D48 -> 0 | E100: =[1]D!E48 -> 0 | F100: =[1]D!F48 -> 0 | G100: =[1]D!G48 -> 0 | H100: =[1]D!H48 -> X | I100: =[1]D!I48 -> X | ... AE100: =[1]D!AE48 -> 0 | AF100: X | AH100: =1*COUNTIF(A100:AF100,"+") -> 0 | AI100: =1*COUNTIF(B100:AF100,"szf") -> 0
A101: =ÖSSZES!$A$73 -> Borbély Csaba | B101: =[1]D!B49 -> 0 | C101: =[1]D!C49 -> 0 | D101: =[1]D!D49 -> 0 | E101: =[1]D!E49 -> 0 | F101: =[1]D!F49 -> 0 | G101: =[1]D!G49 -> 0 | H101: =[1]D!H49 -> X | I101: =[1]D!I49 -> X | ... AE101: =[1]D!AE49 -> 0 | AF101: X | AH101: =1*COUNTIF(A101:AF101,"+") -> 0 | AI101: =1*COUNTIF(B101:AF101,"szf") -> 0
A102: =ÖSSZES!$A$74 -> Erdei Bálint | B102: =[1]D!B50 -> 0 | C102: =[1]D!C50 -> 0 | D102: =[1]D!D50 -> 0 | E102: =[1]D!E50 -> 0 | F102: =[1]D!F50 -> 0 | G102: =[1]D!G50 -> 0 | H102: =[1]D!H50 -> X | I102: =[1]D!I50 -> X | ... AE102: =[1]D!AE50 -> 0 | AF102: X | AH102: =1*COUNTIF(A102:AF102,"+") -> 0 | AI102: =1*COUNTIF(B102:AF102,"szf") -> 0
A103: =ÖSSZES!$A$75 -> Fábián Gábor | B103: =[1]D!B51 -> 0 | C103: =[1]D!C51 -> 0 | D103: =[1]D!D51 -> 0 | E103: =[1]D!E51 -> 0 | F103: =[1]D!F51 -> 0 | G103: =[1]D!G51 -> 0 | H103: =[1]D!H51 -> X | I103: =[1]D!I51 -> X | ... AE103: =[1]D!AE51 -> 0 | AF103: X | AH103: =1*COUNTIF(A103:AF103,"+") -> 0 | AI103: =1*COUNTIF(B103:AF103,"szf") -> 0
A104: =ÖSSZES!$A$76 -> Gellei Zsolt | B104: =[1]D!B52 -> 0 | C104: =[1]D!C52 -> 0 | D104: =[1]D!D52 -> 0 | E104: =[1]D!E52 -> 0 | F104: =[1]D!F52 -> 0 | G104: =[1]D!G52 -> 0 | H104: =[1]D!H52 -> X | I104: =[1]D!I52 -> X | ... AE104: =[1]D!AE52 -> 0 | AF104: X | AH104: =1*COUNTIF(A104:AF104,"+") -> 0 | AI104: =1*COUNTIF(B104:AF104,"szf") -> 0
...

Sheet N
A1: JANUÁR | B1: 1 | C1: 2 | D1: 3 | E1: 4 | F1: 5 | G1: 6 | H1: 7 | I1: 8 | J1: 9 | K1: 10 | L1: 11 | M1: 12 | N1: 13 | O1: 14 | P1: 15 | Q1: 16 | R1: 17 | S1: 18 | T1: 19 | U1: 20 | V1: 21 | W1: 22 | X1: 23 | Y1: 24 | Z1: 25 | AA1: 26 | AB1: 27 | AC1: 28 | AD1: 29 | AE1: 30 | AF1: 31 | AH1: + | AI1: SZF
B2: ='2021'!B4 -> P | C2: ='2021'!C4 -> Szo | D2: ='2021'!D4 -> V | E2: ='2021'!E4 -> H | F2: ='2021'!F4 -> K | G2: ='2021'!G4 -> Sze | H2: ='2021'!H4 -> Cs | I2: ='2021'!I4 -> P | ... AF2: ='2021'!AF4 -> V
A4: =ÖSSZES!$A$95 -> Kovács Kriszitán | B4: Fü | C4: X | D4: X | J4: X | K4: X | Q4: X | R4: X | X4: X | Y4: X | AE4: X | AF4: X | AH4: =1*COUNTIF(A4:AF4,"+") -> 0 | AI4: =1*COUNTIF(B4:AF4,"szf") -> 0
A5: =ÖSSZES!$A$96 -> Besse Éva | B5: Fü | C5: X | D5: X | J5: X | K5: X | Q5: X | R5: X | X5: X | Y5: X | AE5: X | AF5: X | AH5: =1*COUNTIF(A5:AF5,"+") -> 0 | AI5: =1*COUNTIF(B5:AF5,"szf") -> 0
A6: =ÖSSZES!$A$97 -> Bulyáki Csaba | B6: Fü | C6: X | D6: X | E6: SZF | F6: SZF | G6: SZF | H6: SZF | I6: SZF | J6: X | K6: X | Q6: X | R6: X | X6: X | Y6: X | AE6: X | AF6: X | AH6: =1*COUNTIF(A6:AF6,"+") -> 0 | AI6: =1*COUNTIF(B6:AF6,"szf") -> 5
A7: =ÖSSZES!$A$98 -> Dancsi Attila | B7: Fü | C7: X | D7: X | J7: X | K7: X | Q7: X | R7: X | X7: X | Y7: X | AE7: X | AF7: X | AH7: =1*COUNTIF(A7:AF7,"+") -> 0 | AI7: =1*COUNTIF(B7:AF7,"szf") -> 0
A8: =ÖSSZES!$A$99 -> Fekete Tamás | B8: Fü | C8: X | D8: X | J8: X | K8: X | Q8: X | R8: X | X8: X | Y8: X | AE8: X | AF8: X | AH8: =1*COUNTIF(A8:AF8,"+") -> 0 | AI8: =1*COUNTIF(B8:AF8,"szf") -> 0
A9: =ÖSSZES!$A$100 -> Iványi Roland | B9: Fü | C9: X | D9: X | J9: X | K9: X | Q9: X | R9: X | X9: X | Y9: X | AE9: X | AF9: X | AH9: =1*COUNTIF(A9:AF9,"+") -> 0 | AI9: =1*COUNTIF(B9:AF9,"szf") -> 0
A10: =ÖSSZES!$A$101 -> Oláh Erika | B10: Fü | C10: X | D10: X | J10: X | K10: X | Q10: X | R10: X | X10: X | Y10: X | AE10: X | AF10: X | AH10: =1*COUNTIF(A10:AF10,"+") -> 0 | AI10: =1*COUNTIF(B10:AF10,"szf") -> 0
A11: =ÖSSZES!$A$102 -> Tóth János | B11: Fü | C11: X | D11: X | J11: X | K11: X | Q11: X | R11: X | X11: X | Y11: X | AE11: X | AF11: X | AH11: =1*COUNTIF(A11:AF11,"+") -> 0 | AI11: =1*COUNTIF(B11:AF11,"szf") -> 0
A12: =ÖSSZES!$A$103 -> Tóth Krisztián | B12: Fü | C12: X | D12: X | J12: X | K12: X | Q12: X | R12: X | X12: X | Y12: X | AE12: X | AF12: X | AH12: =1*COUNTIF(A12:AF12,"+") -> 0 | AI12: =1*COUNTIF(B12:AF12,"szf") -> 0
A13: =ÖSSZES!$A$104 -> Név10 | B13: Fü | C13: X | D13: X | J13: X | K13: X | Q13: X | R13: X | X13: X | Y13: X | AE13: X | AF13: X | AH13: =1*COUNTIF(A13:AF13,"+") -> 0 | AI13: =1*COUNTIF(B13:AF13,"szf") -> 0
A14: =ÖSSZES!$A$105 -> Név11 | B14: Fü | C14: X | D14: X | J14: X | K14: X | Q14: X | R14: X | X14: X | Y14: X | AE14: X | AF14: X | AH14: =1*COUNTIF(A14:AF14,"+") -> 0 | AI14: =1*COUNTIF(B14:AF14,"szf") -> 0
A15: =ÖSSZES!$A$106 -> Név12 | B15: Fü | C15: X | D15: X | J15: X | K15: X | Q15: X | R15: X | X15: X | Y15: X | AE15: X | AF15: X | AH15: =1*COUNTIF(A15:AF15,"+") -> 0 | AI15: =1*COUNTIF(B15:AF15,"szf") -> 0
A16: =ÖSSZES!$A$107 -> Név13 | B16: Fü | C16: X | D16: X | J16: X | K16: X | Q16: X | R16: X | X16: X | Y16: X | AE16: X | AF16: X | AH16: =1*COUNTIF(A16:AF16,"+") -> 0 | AI16: =1*COUNTIF(B16:AF16,"szf") -> 0
A17: =ÖSSZES!$A$108 -> Név14 | B17: Fü | C17: X | D17: X | J17: X | K17: X | Q17: X | R17: X | X17: X | Y17: X | AE17: X | AF17: X | AH17: =1*COUNTIF(A17:AF17,"+") -> 0 | AI17: =1*COUNTIF(B17:AF17,"szf") -> 0
A18: =ÖSSZES!$A$109 -> Név15 | B18: Fü | C18: X | D18: X | J18: X | K18: X | Q18: X | R18: X | X18: X | Y18: X | AE18: X | AF18: X | AH18: =1*COUNTIF(A18:AF18,"+") -> 0 | AI18: =1*COUNTIF(B18:AF18,"szf") -> 0
A19: =ÖSSZES!$A$110 -> Név16 | B19: Fü | C19: X | D19: X | J19: X | K19: X | Q19: X | R19: X | X19: X | Y19: X | AE19: X | AF19: X | AH19: =1*COUNTIF(A19:AF19,"+") -> 0 | AI19: =1*COUNTIF(B19:AF19,"szf") -> 0
A20: =ÖSSZES!$A$111 -> Név17 | B20: Fü | C20: X | D20: X | J20: X | K20: X | Q20: X | R20: X | X20: X | Y20: X | AE20: X | AF20: X | AH20: =1*COUNTIF(A20:AF20,"+") -> 0 | AI20: =1*COUNTIF(B20:AF20,"szf") -> 0
A21: =ÖSSZES!$A$112 -> Név18 | B21: Fü | C21: X | D21: X | J21: X | K21: X | Q21: X | R21: X | X21: X | Y21: X | AE21: X | AF21: X | AH21: =1*COUNTIF(A21:AF21,"+") -> 0 | AI21: =1*COUNTIF(B21:AF21,"szf") -> 0
A22: =ÖSSZES!$A$113 -> Név19 | B22: Fü | C22: X | D22: X | J22: X | K22: X | Q22: X | R22: X | X22: X | Y22: X | AE22: X | AF22: X | AH22: =1*COUNTIF(A22:AF22,"+") -> 0 | AI22: =1*COUNTIF(B22:AF22,"szf") -> 0
A23: =ÖSSZES!$A$114 -> Név20 | B23: Fü | C23: X | D23: X | J23: X | K23: X | Q23: X | R23: X | X23: X | Y23: X | AE23: X | AF23: X | AH23: =1*COUNTIF(A23:AF23,"+") -> 0 | AI23: =1*COUNTIF(B23:AF23,"szf") -> 0
A25: FEBRUÁR | B25: 1 | C25: 2 | D25: 3 | E25: 4 | F25: 5 | G25: 6 | H25: 7 | I25: 8 | J25: 9 | K25: 10 | L25: 11 | M25: 12 | N25: 13 | O25: 14 | P25: 15 | Q25: 16 | R25: 17 | S25: 18 | T25: 19 | U25: 20 | V25: 21 | W25: 22 | X25: 23 | Y25: 24 | Z25: 25 | AA25: 26 | AB25: 27 | AC25: 28 | AH25: + | AI25: SZF
B26: ='2021'!B12 -> H | C26: ='2021'!C12 -> K | D26: ='2021'!D12 -> Sze | E26: ='2021'!E12 -> Cs | F26: ='2021'!F12 -> P | G26: ='2021'!G12 -> Szo | H26: ='2021'!H12 -> V | I26: ='2021'!I12 -> H | ... AC26: ='2021'!AC12 -> V
A28: =ÖSSZES!$A$95 -> Kovács Kriszitán | G28: X | H28: X | N28: X | O28: X | U28: X | V28: X | AB28: X | AC28: X | AH28: =1*COUNTIF(A28:AF28,"+") -> 0 | AI28: =1*COUNTIF(B28:AF28,"szf") -> 0
A29: =ÖSSZES!$A$96 -> Besse Éva | G29: X | H29: X | N29: X | O29: X | U29: X | V29: X | AB29: X | AC29: X | AH29: =1*COUNTIF(A29:AF29,"+") -> 0 | AI29: =1*COUNTIF(B29:AF29,"szf") -> 0
A30: =ÖSSZES!$A$97 -> Bulyáki Csaba | G30: X | H30: X | N30: X | O30: X | U30: X | V30: X | AB30: X | AC30: X | AH30: =1*COUNTIF(A30:AF30,"+") -> 0 | AI30: =1*COUNTIF(B30:AF30,"szf") -> 0
A31: =ÖSSZES!$A$98 -> Dancsi Attila | G31: X | H31: X | N31: X | O31: X | U31: X | V31: X | AB31: X | AC31: X | AH31: =1*COUNTIF(A31:AF31,"+") -> 0 | AI31: =1*COUNTIF(B31:AF31,"szf") -> 0
A32: =ÖSSZES!$A$99 -> Fekete Tamás | G32: X | H32: X | N32: X | O32: X | U32: X | V32: X | AB32: X | AC32: X | AH32: =1*COUNTIF(A32:AF32,"+") -> 0 | AI32: =1*COUNTIF(B32:AF32,"szf") -> 0
A33: =ÖSSZES!$A$100 -> Iványi Roland | G33: X | H33: X | N33: X | O33: X | U33: X | V33: X | AB33: X | AC33: X | AH33: =1*COUNTIF(A33:AF33,"+") -> 0 | AI33: =1*COUNTIF(B33:AF33,"szf") -> 0
A34: =ÖSSZES!$A$101 -> Oláh Erika | G34: X | H34: X | N34: X | O34: X | U34: X | V34: X | AB34: X | AC34: X | AH34: =1*COUNTIF(A34:AF34,"+") -> 0 | AI34: =1*COUNTIF(B34:AF34,"szf") -> 0
A35: =ÖSSZES!$A$102 -> Tóth János | G35: X | H35: X | N35: X | O35: X | U35: X | V35: X | AB35: X | AC35: X | AH35: =1*COUNTIF(A35:AF35,"+") -> 0 | AI35: =1*COUNTIF(B35:AF35,"szf") -> 0
A36: =ÖSSZES!$A$103 -> Tóth Krisztián | G36: X | H36: X | N36: X | O36: X | U36: X | V36: X | AB36: X | AC36: X | AH36: =1*COUNTIF(A36:AF36,"+") -> 0 | AI36: =1*COUNTIF(B36:AF36,"szf") -> 0
A37: =ÖSSZES!$A$104 -> Név10 | G37: X | H37: X | N37: X | O37: X | U37: X | V37: X | AB37: X | AC37: X | AH37: =1*COUNTIF(A37:AF37,"+") -> 0 | AI37: =1*COUNTIF(B37:AF37,"szf") -> 0
A38: =ÖSSZES!$A$105 -> Név11 | G38: X | H38: X | N38: X | O38: X | U38: X | V38: X | AB38: X | AC38: X | AH38: =1*COUNTIF(A38:AF38,"+") -> 0 | AI38: =1*COUNTIF(B38:AF38,"szf") -> 0
A39: =ÖSSZES!$A$106 -> Név12 | G39: X | H39: X | N39: X | O39: X | U39: X | V39: X | AB39: X | AC39: X | AH39: =1*COUNTIF(A39:AF39,"+") -> 0 | AI39: =1*COUNTIF(B39:AF39,"szf") -> 0
A40: =ÖSSZES!$A$107 -> Név13 | G40: X | H40: X | N40: X | O40: X | U40: X | V40: X | AB40: X | AC40: X | AH40: =1*COUNTIF(A40:AF40,"+") -> 0 | AI40: =1*COUNTIF(B40:AF40,"szf") -> 0
A41: =ÖSSZES!$A$108 -> Név14 | G41: X | H41: X | N41: X | O41: X | U41: X | V41: X | AB41: X | AC41: X | AH41: =1*COUNTIF(A41:AF41,"+") -> 0 | AI41: =1*COUNTIF(B41:AF41,"szf") -> 0
A42: =ÖSSZES!$A$109 -> Név15 | G42: X | H42: X | N42: X | O42: X | U42: X | V42: X | AB42: X | AC42: X | AH42: =1*COUNTIF(A42:AF42,"+") -> 0 | AI42: =1*COUNTIF(B42:AF42,"szf") -> 0
A43: =ÖSSZES!$A$110 -> Név16 | G43: X | H43: X | N43: X | O43: X | U43: X | V43: X | AB43: X | AC43: X | AH43: =1*COUNTIF(A43:AF43,"+") -> 0 | AI43: =1*COUNTIF(B43:AF43,"szf") -> 0
A44: =ÖSSZES!$A$111 -> Név17 | G44: X | H44: X | N44: X | O44: X | U44: X | V44: X | AB44: X | AC44: X | AH44: =1*COUNTIF(A44:AF44,"+") -> 0 | AI44: =1*COUNTIF(B44:AF44,"szf") -> 0
A45: =ÖSSZES!$A$112 -> Név18 | G45: X | H45: X | N45: X | O45: X | U45: X | V45: X | AB45: X | AC45: X | AH45: =1*COUNTIF(A45:AF45,"+") -> 0 | AI45: =1*COUNTIF(B45:AF45,"szf") -> 0
A46: =ÖSSZES!$A$113 -> Név19 | G46: X | H46: X | N46: X | O46: X | U46: X | V46: X | AB46: X | AC46: X | AH46: =1*COUNTIF(A46:AF46,"+") -> 0 | AI46: =1*COUNTIF(B46:AF46,"szf") -> 0
A47: =ÖSSZES!$A$114 -> Név20 | G47: X | H47: X | N47: X | O47: X | U47: X | V47: X | AB47: X | AC47: X | AH47: =1*COUNTIF(A47:AF47,"+") -> 0 | AI47: =1*COUNTIF(B47:AF47,"szf") -> 0
A49: MÁRCIUS | B49: 1 | C49: 2 | D49: 3 | E49: 4 | F49: 5 | G49: 6 | H49: 7 | I49: 8 | J49: 9 | K49: 10 | L49: 11 | M49: 12 | N49: 13 | O49: 14 | P49: 15 | Q49: 16 | R49: 17 | S49: 18 | T49: 19 | U49: 20 | V49: 21 | W49: 22 | X49: 23 | Y49: 24 | Z49: 25 | AA49: 26 | AB49: 27 | AC49: 28 | AD49: 29 | AE49: 30 | AF49: 31 | AH49: + | AI49: SZF
B50: ='2021'!B20 -> H | C50: ='2021'!C20 -> K | D50: ='2021'!D20 -> Sze | E50: ='2021'!E20 -> Cs | F50: ='2021'!F20 -> P | G50: ='2021'!G20 -> Szo | H50: ='2021'!H20 -> V | I50: ='2021'!I20 -> H | ... AF50: ='2021'!AF20 -> Sze
A52: =ÖSSZES!$A$95 -> Kovács Kriszitán | G52: X | H52: X | N52: X | O52: X | P52: Fü | U52: X | V52: X | AB52: X | AC52: X | AH52: =1*COUNTIF(A52:AF52,"+") -> 0 | AI52: =1*COUNTIF(B52:AF52,"szf") -> 0
A53: =ÖSSZES!$A$96 -> Besse Éva | G53: X | H53: X | N53: X | O53: X | P53: Fü | U53: X | V53: X | AB53: X | AC53: X | AH53: =1*COUNTIF(A53:AF53,"+") -> 0 | AI53: =1*COUNTIF(B53:AF53,"szf") -> 0
A54: =ÖSSZES!$A$97 -> Bulyáki Csaba | G54: X | H54: X | N54: X | O54: X | P54: Fü | U54: X | V54: X | AB54: X | AC54: X | AH54: =1*COUNTIF(A54:AF54,"+") -> 0 | AI54: =1*COUNTIF(B54:AF54,"szf") -> 0
A55: =ÖSSZES!$A$98 -> Dancsi Attila | G55: X | H55: X | N55: X | O55: X | P55: Fü | U55: X | V55: X | AB55: X | AC55: X | AH55: =1*COUNTIF(A55:AF55,"+") -> 0 | AI55: =1*COUNTIF(B55:AF55,"szf") -> 0
A56: =ÖSSZES!$A$99 -> Fekete Tamás | G56: X | H56: X | N56: X | O56: X | P56: Fü | U56: X | V56: X | AB56: X | AC56: X | AH56: =1*COUNTIF(A56:AF56,"+") -> 0 | AI56: =1*COUNTIF(B56:AF56,"szf") -> 0
A57: =ÖSSZES!$A$100 -> Iványi Roland | G57: X | H57: X | N57: X | O57: X | P57: Fü | U57: X | V57: X | AB57: X | AC57: X | AH57: =1*COUNTIF(A57:AF57,"+") -> 0 | AI57: =1*COUNTIF(B57:AF57,"szf") -> 0
A58: =ÖSSZES!$A$101 -> Oláh Erika | G58: X | H58: X | N58: X | O58: X | P58: Fü | U58: X | V58: X | AB58: X | AC58: X | AH58: =1*COUNTIF(A58:AF58,"+") -> 0 | AI58: =1*COUNTIF(B58:AF58,"szf") -> 0
A59: =ÖSSZES!$A$102 -> Tóth János | G59: X | H59: X | N59: X | O59: X | P59: Fü | U59: X | V59: X | AB59: X | AC59: X | AH59: =1*COUNTIF(A59:AF59,"+") -> 0 | AI59: =1*COUNTIF(B59:AF59,"szf") -> 0
A60: =ÖSSZES!$A$103 -> Tóth Krisztián | G60: X | H60: X | N60: X | O60: X | P60: Fü | U60: X | V60: X | AB60: X | AC60: X | AH60: =1*COUNTIF(A60:AF60,"+") -> 0 | AI60: =1*COUNTIF(B60:AF60,"szf") -> 0
A61: =ÖSSZES!$A$104 -> Név10 | G61: X | H61: X | N61: X | O61: X | P61: Fü | U61: X | V61: X | AB61: X | AC61: X | AH61: =1*COUNTIF(A61:AF61,"+") -> 0 | AI61: =1*COUNTIF(B61:AF61,"szf") -> 0
A62: =ÖSSZES!$A$105 -> Név11 | G62: X | H62: X | N62: X | O62: X | P62: Fü | U62: X | V62: X | AB62: X | AC62: X | AH62: =1*COUNTIF(A62:AF62,"+") -> 0 | AI62: =1*COUNTIF(B62:AF62,"szf") -> 0
A63: =ÖSSZES!$A$106 -> Név12 | G63: X | H63: X | N63: X | O63: X | P63: Fü | U63: X | V63: X | AB63: X | AC63: X | AH63: =1*COUNTIF(A63:AF63,"+") -> 0 | AI63: =1*COUNTIF(B63:AF63,"szf") -> 0
A64: =ÖSSZES!$A$107 -> Név13 | G64: X | H64: X | N64: X | O64: X | P64: Fü | U64: X | V64: X | AB64: X | AC64: X | AH64: =1*COUNTIF(A64:AF64,"+") -> 0 | AI64: =1*COUNTIF(B64:AF64,"szf") -> 0
A65: =ÖSSZES!$A$108 -> Név14 | G65: X | H65: X | N65: X | O65: X | P65: Fü | U65: X | V65: X | AB65: X | AC65: X | AH65: =1*COUNTIF(A65:AF65,"+") -> 0 | AI65: =1*COUNTIF(B65:AF65,"szf") -> 0
A66: =ÖSSZES!$A$109 -> Név15 | G66: X | H66: X | N66: X | O66: X | P66: Fü | U66: X | V66: X | AB66: X | AC66: X | AH66: =1*COUNTIF(A66:AF66,"+") -> 0 | AI66: =1*COUNTIF(B66:AF66,"szf") -> 0
A67: =ÖSSZES!$A$110 -> Név16 | G67: X | H67: X | N67: X | O67: X | P67: Fü | U67: X | V67: X | AB67: X | AC67: X | AH67: =1*COUNTIF(A67:AF67,"+") -> 0 | AI67: =1*COUNTIF(B67:AF67,"szf") -> 0
A68: =ÖSSZES!$A$111 -> Név17 | G68: X | H68: X | N68: X | O68: X | P68: Fü | U68: X | V68: X | AB68: X | AC68: X | AH68: =1*COUNTIF(A68:AF68,"+") -> 0 | AI68: =1*COUNTIF(B68:AF68,"szf") -> 0
A69: =ÖSSZES!$A$112 -> Név18 | G69: X | H69: X | N69: X | O69: X | P69: Fü | U69: X | V69: X | AB69: X | AC69: X | AH69: =1*COUNTIF(A69:AF69,"+") -> 0 | AI69: =1*COUNTIF(B69:AF69,"szf") -> 0
A70: =ÖSSZES!$A$113 -> Név19 | G70: X | H70: X | N70: X | O70: X | P70: Fü | U70: X | V70: X | AB70: X | AC70: X | AH70: =1*COUNTIF(A70:AF70,"+") -> 0 | AI70: =1*COUNTIF(B70:AF70,"szf") -> 0
A71: =ÖSSZES!$A$114 -> Név20 | G71: X | H71: X | N71: X | O71: X | P71: Fü | U71: X | V71: X | AB71: X | AC71: X | AH71: =1*COUNTIF(A71:AF71,"+") -> 0 | AI71: =1*COUNTIF(B71:AF71,"szf") -> 0
A73: ÁRPILIS | B73: 1 | C73: 2 | D73: 3 | E73: 4 | F73: 5 | G73: 6 | H73: 7 | I73: 8 | J73: 9 | K73: 10 | L73: 11 | M73: 12 | N73: 13 | O73: 14 | P73: 15 | Q73: 16 | R73: 17 | S73: 18 | T73: 19 | U73: 20 | V73: 21 | W73: 22 | X73: 23 | Y73: 24 | Z73: 25 | AA73: 26 | AB73: 27 | AC73: 28 | AD73: 29 | AE73: 30 | AH73: + | AI73: SZF
B74: ='2021'!B28 -> Cs | C74: ='2021'!C28 -> P | D74: ='2021'!D28 -> Szo | E74: ='2021'!E28 -> V | F74: ='2021'!F28 -> H | G74: ='2021'!G28 -> K | H74: ='2021'!H28 -> Sze | I74: ='2021'!I28 -> Cs | ... AE74: ='2021'!AE28 -> P
A76: =ÖSSZES!$A$95 -> Kovács Kriszitán | D76: X | E76: X | K76: X | L76: X | R76: X | S76: X | Y76: X | Z76: X | AH76: =1*COUNTIF(A76:AF76,"+") -> 0 | AI76: =1*COUNTIF(B76:AF76,"szf") -> 0
A77: =ÖSSZES!$A$96 -> Besse Éva | D77: X | E77: X | K77: X | L77: X | R77: X | S77: X | Y77: X | Z77: X | AH77: =1*COUNTIF(A77:AF77,"+") -> 0 | AI77: =1*COUNTIF(B77:AF77,"szf") -> 0
A78: =ÖSSZES!$A$97 -> Bulyáki Csaba | D78: X | E78: X | K78: X | L78: X | R78: X | S78: X | Y78: X | Z78: X | AH78: =1*COUNTIF(A78:AF78,"+") -> 0 | AI78: =1*COUNTIF(B78:AF78,"szf") -> 0
A79: =ÖSSZES!$A$98 -> Dancsi Attila | D79: X | E79: X | K79: X | L79: X | R79: X | S79: X | Y79: X | Z79: X | AH79: =1*COUNTIF(A79:AF79,"+") -> 0 | AI79: =1*COUNTIF(B79:AF79,"szf") -> 0
A80: =ÖSSZES!$A$99 -> Fekete Tamás | D80: X | E80: X | K80: X | L80: X | R80: X | S80: X | Y80: X | Z80: X | AH80: =1*COUNTIF(A80:AF80,"+") -> 0 | AI80: =1*COUNTIF(B80:AF80,"szf") -> 0
A81: =ÖSSZES!$A$100 -> Iványi Roland | D81: X | E81: X | K81: X | L81: X | R81: X | S81: X | Y81: X | Z81: X | AH81: =1*COUNTIF(A81:AF81,"+") -> 0 | AI81: =1*COUNTIF(B81:AF81,"szf") -> 0
A82: =ÖSSZES!$A$101 -> Oláh Erika | D82: X | E82: X | K82: X | L82: X | R82: X | S82: X | Y82: X | Z82: X | AH82: =1*COUNTIF(A82:AF82,"+") -> 0 | AI82: =1*COUNTIF(B82:AF82,"szf") -> 0
A83: =ÖSSZES!$A$102 -> Tóth János | D83: X | E83: X | K83: X | L83: X | R83: X | S83: X | Y83: X | Z83: X | AH83: =1*COUNTIF(A83:AF83,"+") -> 0 | AI83: =1*COUNTIF(B83:AF83,"szf") -> 0
A84: =ÖSSZES!$A$103 -> Tóth Krisztián | D84: X | E84: X | K84: X | L84: X | R84: X | S84: X | Y84: X | Z84: X | AH84: =1*COUNTIF(A84:AF84,"+") -> 0 | AI84: =1*COUNTIF(B84:AF84,"szf") -> 0
A85: =ÖSSZES!$A$104 -> Név10 | D85: X | E85: X | K85: X | L85: X | R85: X | S85: X | Y85: X | Z85: X | AH85: =1*COUNTIF(A85:AF85,"+") -> 0 | AI85: =1*COUNTIF(B85:AF85,"szf") -> 0
A86: =ÖSSZES!$A$105 -> Név11 | D86: X | E86: X | K86: X | L86: X | R86: X | S86: X | Y86: X | Z86: X | AH86: =1*COUNTIF(A86:AF86,"+") -> 0 | AI86: =1*COUNTIF(B86:AF86,"szf") -> 0
A87: =ÖSSZES!$A$106 -> Név12 | D87: X | E87: X | K87: X | L87: X | R87: X | S87: X | Y87: X | Z87: X | AH87: =1*COUNTIF(A87:AF87,"+") -> 0 | AI87: =1*COUNTIF(B87:AF87,"szf") -> 0
A88: =ÖSSZES!$A$107 -> Név13 | D88: X | E88: X | K88: X | L88: X | R88: X | S88: X | Y88: X | Z88: X | AH88: =1*COUNTIF(A88:AF88,"+") -> 0 | AI88: =1*COUNTIF(B88:AF88,"szf") -> 0
A89: =ÖSSZES!$A$108 -> Név14 | D89: X | E89: X | K89: X | L89: X | R89: X | S89: X | Y89: X | Z89: X | AH89: =1*COUNTIF(A89:AF89,"+") -> 0 | AI89: =1*COUNTIF(B89:AF89,"szf") -> 0
A90: =ÖSSZES!$A$109 -> Név15 | D90: X | E90: X | K90: X | L90: X | R90: X | S90: X | Y90: X | Z90: X | AH90: =1*COUNTIF(A90:AF90,"+") -> 0 | AI90: =1*COUNTIF(B90:AF90,"szf") -> 0
A91: =ÖSSZES!$A$110 -> Név16 | D91: X | E91: X | K91: X | L91: X | R91: X | S91: X | Y91: X | Z91: X | AH91: =1*COUNTIF(A91:AF91,"+") -> 0 | AI91: =1*COUNTIF(B91:AF91,"szf") -> 0
A92: =ÖSSZES!$A$111 -> Név17 | D92: X | E92: X | K92: X | L92: X | R92: X | S92: X | Y92: X | Z92: X | AH92: =1*COUNTIF(A92:AF92,"+") -> 0 | AI92: =1*COUNTIF(B92:AF92,"szf") -> 0
A93: =ÖSSZES!$A$112 -> Név18 | D93: X | E93: X | K93: X | L93: X | R93: X | S93: X | Y93: X | Z93: X | AH93: =1*COUNTIF(A93:AF93,"+") -> 0 | AI93: =1*COUNTIF(B93:AF93,"szf") -> 0
A94: =ÖSSZES!$A$113 -> Név19 | D94: X | E94: X | K94: X | L94: X | R94: X | S94: X | Y94: X | Z94: X | AH94: =1*COUNTIF(A94:AF94,"+") -> 0 | AI94: =1*COUNTIF(B94:AF94,"szf") -> 0
A95: =ÖSSZES!$A$114 -> Név20 | D95: X | E95: X | K95: X | L95: X | R95: X | S95: X | Y95: X | Z95: X | AH95: =1*COUNTIF(A95:AF95,"+") -> 0 | AI95: =1*COUNTIF(B95:AF95,"szf") -> 0
A97: MÁJUS | B97: 1 | C97: 2 | D97: 3 | E97: 4 | F97: 5 | G97: 6 | H97: 7 | I97: 8 | J97: 9 | K97: 10 | L97: 11 | M97: 12 | N97: 13 | O97: 14 | P97: 15 | Q97: 16 | R97: 17 | S97: 18 | T97: 19 | U97: 20 | V97: 21 | W97: 22 | X97: 23 | Y97: 24 | Z97: 25 | AA97: 26 | AB97: 27 | AC97: 28 | AD97: 29 | AE97: 30 | AF97: 31 | AH97: + | AI97: SZF
B98: ='2021'!B36 -> Szo | C98: ='2021'!C36 -> V | D98: ='2021'!D36 -> H | E98: ='2021'!E36 -> K | F98: ='2021'!F36 -> Sze | G98: ='2021'!G36 -> Cs | H98: ='2021'!H36 -> P | I98: ='2021'!I36 -> Szo | ... AF98: ='2021'!AF36 -> H
A100: =ÖSSZES!$A$95 -> Kovács Kriszitán | B100: X | C100: X | I100: X | J100: X | P100: X | Q100: X | W100: X | X100: X | AD100: X | AE100: X | AH100: =1*COUNTIF(A100:AF100,"+") -> 0 | AI100: =1*COUNTIF(B100:AF100,"szf") -> 0
A101: =ÖSSZES!$A$96 -> Besse Éva | B101: X | C101: X | I101: X | J101: X | P101: X | Q101: X | W101: X | X101: X | AD101: X | AE101: X | AH101: =1*COUNTIF(A101:AF101,"+") -> 0 | AI101: =1*COUNTIF(B101:AF101,"szf") -> 0
A102: =ÖSSZES!$A$97 -> Bulyáki Csaba | B102: X | C102: X | I102: X | J102: X | P102: X | Q102: X | W102: X | X102: X | AD102: X | AE102: X | AH102: =1*COUNTIF(A102:AF102,"+") -> 0 | AI102: =1*COUNTIF(B102:AF102,"szf") -> 0
A103: =ÖSSZES!$A$98 -> Dancsi Attila | B103: X | C103: X | I103: X | J103: X | P103: X | Q103: X | W103: X | X103: X | AD103: X | AE103: X | AH103: =1*COUNTIF(A103:AF103,"+") -> 0 | AI103: =1*COUNTIF(B103:AF103,"szf") -> 0
A104: =ÖSSZES!$A$99 -> Fekete Tamás | B104: X | C104: X | I104: X | J104: X | P104: X | Q104: X | W104: X | X104: X | AD104: X | AE104: X | AH104: =1*COUNTIF(A104:AF104,"+") -> 0 | AI104: =1*COUNTIF(B104:AF104,"szf") -> 0
A105: =ÖSSZES!$A$100 -> Iványi Roland | B105: X | C105: X | I105: X | J105: X | P105: X | Q105: X | W105: X | X105: X | AD105: X | AE105: X | AH105: =1*COUNTIF(A105:AF105,"+") -> 0 | AI105: =1*COUNTIF(B105:AF105,"szf") -> 0
A106: =ÖSSZES!$A$101 -> Oláh Erika | B106: X | C106: X | I106: X | J106: X | P106: X | Q106: X | W106: X | X106: X | AD106: X | AE106: X | AH106: =1*COUNTIF(A106:AF106,"+") -> 0 | AI106: =1*COUNTIF(B106:AF106,"szf") -> 0
A107: =ÖSSZES!$A$102 -> Tóth János | B107: X | C107: X | I107: X | J107: X | P107: X | Q107: X | W107: X | X107: X | AD107: X | AE107: X | AH107: =1*COUNTIF(A107:AF107,"+") -> 0 | AI107: =1*COUNTIF(B107:AF107,"szf") -> 0
A108: =ÖSSZES!$A$103 -> Tóth Krisztián | B108: X | C108: X | I108: X | J108: X | P108: X | Q108: X | W108: X | X108: X | AD108: X | AE108: X | AH108: =1*COUNTIF(A108:AF108,"+") -> 0 | AI108: =1*COUNTIF(B108:AF108,"szf") -> 0
A109: =ÖSSZES!$A$104 -> Név10 | B109: X | C109: X | I109: X | J109: X | P109: X | Q109: X | W109: X | X109: X | AD109: X | AE109: X | AH109: =1*COUNTIF(A109:AF109,"+") -> 0 | AI109: =1*COUNTIF(B109:AF109,"szf") -> 0
...
